"","P01-A06-HLM094","P01-A07-HLM102","P01-A09-HLM053","P01-A11-HLM137","P01-A12-HLM131","P01-B10-HLM020","P01-C01-HLM080","P01-C09-HLM035","P01-D01-HLM079","P01-D04-HLM073","P01-D06-HLM093","P01-D07-HLM105","P01-D08-HLM086","P01-E02-HLM042","P01-E06-HLM100","P01-E07-HLM103","P01-E10-HLM023","P01-E12-HLM138","P01-F01-HLM066","P01-F06-HLM081","P01-F12-HLM140","P01-G03-HLM067","P01-G05-HLM083","P01-G06-HLM075","P01-H01-HLM063","P01-H04-HLM110","P01-H08-HLM052","P01-H11-HLM124","P01-H12-HLM148","P02-A01-HLM146","P02-A05-HLM167","P02-A09-HLM134","P02-A10-HLM405","P02-A11-HLM413","P02-A12-HLM421","P02-B01-HLM145","P02-B04-HLM001","P02-B08-HLM003","P02-B10-HLM406","P02-B11-HLM414","P02-B12-HLM422","P02-C10-HLM407","P02-C11-HLM415","P02-C12-HLM423","P02-D09-HLM400","P02-D10-HLM408","P02-D11-HLM416","P02-D12-HLM424","P02-E09-HLM401","P02-E10-HLM409","P02-E11-HLM417","P02-E12-HLM425","P02-F09-HLM402","P02-F10-HLM410","P02-F11-HLM418","P02-F12-HLM426","P02-G03-HLM036","P02-G09-HLM403","P02-G10-HLM411","P02-G11-HLM419","P02-G12-HLM427","P02-H02-HLM176","P02-H04-HLM162","P02-H06-HLM152","P02-H09-HLM404","P02-H10-HLM412","P02-H11-HLM420","P02-H12-HLM428","P03-A01-HLM429","P03-B01-HLM430","P03-C01-HLM431","P03-D01-NEC","Kingdom","Phylum","Class","Order","Family","Genus"
"?",0.0449210332851674,0.0707263165917232,0.0245303690243968,0.0320683533067022,0.00748724699687346,0.0256224984371575,0.0150191930536232,0.0341182214210605,0.0121595398640254,0.0374894627940838,0.0287234042553191,0.0340563795541382,0.0643137471670997,0.0441182131995329,0.0634172734855829,0.0194997067713267,0.0385116803495296,0.0821102983428846,0.160333302811098,0.0530174844895657,0.106845637583893,0.0562131275277355,0.0298777961888981,0.0146384671566875,0.0257753919563736,0.0497615405381085,0.0225844461901021,0.0373378641581368,0.0269479460465473,0.0271488208786044,0.0181695676586188,0.0557933111428119,0.00339944482439554,0.00416002550207204,0.00392498909725251,0.0196151690640762,0.0357420933595343,0.0241372030601269,0.0313160032493907,0.00118483412322275,0.468249092432281,0.0180682684973303,0.0193128467776355,0.00202881671143839,0.00608853748255888,0.0176324090984559,0.00285456730769231,0.000207404334750596,0.000569742301174546,8.83665444262802e-05,0.000690858846629336,0.0268756998880179,0.00357757137942896,0.00079878479951811,0.0199489495385824,0.00481804383890438,0.00206037803457852,0.00311946020970468,0.000171531609928752,0.0218591875090357,0.00477268340615185,0.0238967003921399,0.0413402324818715,0.0469552457813646,0.006021409455843,0.00470388472040568,0.0441640378548896,0.0120241906794735,0.00539956803455724,0.00721288702481767,0.000336484047597198,0.154545454545455,"Bacteria","Firmicutes","Bacilli","Erysipelotrichales","Erysipelotrichaceae","?"
"[Eubacterium] brachy group",0,1.52427406447679e-05,0,2.21926320461607e-05,0,6.49492989535044e-05,3.35249844946947e-05,0,0.000656140497829152,0,0,0,0,1.28325227456466e-05,0.000112721780102351,0,0,0,0,0,0,0,0,0,6.39059304703477e-05,0.000179969405201116,0,4.14404707637479e-05,0.0017555977666494,2.76464571065218e-05,6.73778775968557e-05,0,8.0460232530072e-05,0,4.84566555216359e-05,0,0,0,0,0,0,9.534706331045e-05,0,0,0,0.00033206043499917,0,0,0,0,0,0,0,0,0.000196347928529354,0.000264727683456285,0,0,0,2.89142691918462e-05,0.00038602586373287,4.3330372424551e-05,5.46587472215137e-05,6.47360925294549e-05,0,0,0,0,0.00134989200863931,0.000400715945823204,0,0,"Bacteria","Firmicutes","Clostridia","Peptostreptococcales-Tissierellales","Anaerovoracaceae","[Eubacterium] brachy group"
"[Eubacterium] nodatum group",0.000785864577787918,3.04854812895359e-05,0.000374101488389493,0.000843320017754106,8.2277439526082e-05,0.000178610572122137,0,0.00067598017124831,0.00027920872248049,0.00141006973714461,0.000921985815602837,0.00309876951773519,0.00143717870764469,0.000500468387080216,0.000383254052347995,9.02242071547796e-05,0.0130721257179099,0.00163071332059824,0.000732533650764582,0.000564015792442188,0.000123902942694889,0.00237467997476903,0.000155343827671914,0.000357414803188762,0.00191717791411043,0.00476918923782957,0.00169383346425766,0.000476565413783101,0.00268616051727777,0.00105056537004783,0.000763615946097698,0.00364558567126327,0,0.000318775900541919,4.84566555216359e-05,0.0127031571081636,7.41537206629343e-05,0.000251324480009651,0,0,0,0.00047673531655225,0.00206288234457249,1.87853399207259e-05,0,0.00169350821849577,5.00801282051282e-05,0,0,6.31189603044859e-06,0,0.00335946248600224,6.87994496044032e-05,0,0.00373061064205773,0.000229430658995447,0,2.74842309225082e-05,0,0.00104091369090646,0.000403572493902546,0.0010615941244015,0.00114783369165179,0.00131630054809892,0,6.88373373717905e-05,0,0.00120953397367485,0.000674946004319654,0.000881575080811049,0,0,"Bacteria","Firmicutes","Clostridia","Peptostreptococcales-Tissierellales","Anaerovoracaceae","[Eubacterium] nodatum group"
"[Eubacterium] saphenum group",0,3.04854812895359e-05,0.000160329209309783,0,0,8.11866236918805e-05,0,0,0,0,0,0,0,2.56650454912931e-05,0.000135266136122822,0,9.39595738933324e-05,0,0,0,0,3.7104374605766e-05,0,0,0,0,0,0.000455845178401227,0.0244344672768088,0.000138232285532609,2.24592925322852e-05,0,0,0,0,0.000186811133943583,0,0,0,0,0,0,0,0,0,3.3206043499917e-05,0,0,0,0,0,0,0,0,0.000117808757117612,1.7648512230419e-05,0,0,0,0,3.50932603393518e-05,0,0.000236854571293226,0.000107893487549092,0,0,0,0,0.000269978401727862,0,0,0,"Bacteria","Firmicutes","Clostridia","Peptostreptococcales-Tissierellales","Anaerovoracaceae","[Eubacterium] saphenum group"
"[Eubacterium] yurii group",0,0,0,2.21926320461607e-05,0,0,0,0,0,1.53268449689631e-05,1.77304964539007e-05,0,0,0,0,0,0,0,0,0,0,0,0,0,0,0,0,0,4.79671520942459e-05,0,0,0,0,0,0,0,0,0,0,0,0,0,3.55669369753877e-05,0,0,0,0,0,0,0,0,0,0,0,0.000117808757117612,0,0,0,0,0,1.75466301696759e-05,0,0,2.15786975098183e-05,0,0,0,0,0,0,0,0,"Bacteria","Firmicutes","Clostridia","Peptostreptococcales-Tissierellales","Peptostreptococcaceae","[Eubacterium] yurii group"
"Abiotrophia",0.000278855172763455,0.000106699184513376,0.000133607674424819,2.21926320461607e-05,0,0.00232193743758778,1.67624922473473e-05,0.000319212858645035,0.00192654018511538,0.000153268449689631,1.77304964539007e-05,0.000361021691386624,0.000165828312420541,0.000166822795693405,6.76330680614108e-05,0.000124058284837822,9.39595738933324e-05,0.000388265076332914,9.15667063455728e-05,0.000689352635207119,0.000144553433144037,0.000222626247634596,5.17812758906379e-05,0.00214448881913257,6.39059304703477e-05,0.00212963796154654,0.000147289866457188,2.07202353818739e-05,5.7560582513095e-05,0,0.000269511510387423,0.00011887779362815,0.000181035523192662,0.000207204335352247,7.26849832824538e-05,0,0.000148307441325869,0.000191006604807335,0,6.58241179568194e-05,0,0.0001906941266209,0.00128040973111396,0,0,0,0,0,0,0,0,0.000559910414333707,6.87994496044032e-05,2.61896655579708e-05,0.00168859218535244,0.000335321732377961,0.00165726059303055,0,4.18369780314028e-06,0.00161919907474339,0.00047375901458125,0.00129991117273653,0.000346172065736253,0.00012947218505891,0,4.58915582478603e-05,0,0,0,0,1.52947294362363e-05,0,"Bacteria","Firmicutes","Bacilli","Lactobacillales","Aerococcaceae","Abiotrophia"
"Acholeplasma",0,3.04854812895359e-05,0,0,0,0,0,0,0,0,0,0,0,0,0,0,0.000140939360839999,0,0,0,0,3.7104374605766e-05,0,0,2.13019768234492e-05,0,0,0.00120177365214869,0,0,0,0,0,0,0,0,0,0,0,0,0,0,0,0,0,0,0,0,0,0,0,0,0,0,0,0,0,0,0,0,0,0,1.82195824071712e-05,0,0,0,0,0,0,0,0,0,"Bacteria","Firmicutes","Bacilli","Acholeplasmatales","Acholeplasmataceae","Acholeplasma"
"Acinetobacter",0,0,0,0,0,0,0,0,0,0,0,0,0,0,0,0,0,0,0,0,0,0,0,0,0,0,0,0,0,0,0,0,0,3.18775900541919e-05,0,0,0,0,0.000690495532087734,0.000131648235913639,0,0,0,0,0,0,0,3.11106502125894e-05,5.84351078127739e-05,6.31189603044859e-06,3.63609919278598e-05,0.000559910414333707,0,0,0.000196347928529354,0,0,1.37421154612541e-05,4.18369780314028e-06,2.89142691918462e-05,0,0,0,0,0.000390276538804639,2.29457791239302e-05,0,0.000142298114549982,0,2.67143963882136e-05,0,0,"Bacteria","Proteobacteria","Gammaproteobacteria","Pseudomonadales","Moraxellaceae","Acinetobacter"
"Actinobacillus",0,0.00051825318192211,0,0.000110963160230803,9.87329274312983e-05,0.00661670983088826,0,0.00107030193780982,8.37626167441471e-05,0.000122614759751705,0,0.000782213664671019,2.76380520700901e-05,3.84975682369397e-05,0,2.25560517886949e-05,0,0,0,0,0,0,0.000207125103562552,0,0.000298227675528289,0,0.00095738413197172,0.00404044589946542,0,0.00146526222664566,8.98371701291409e-05,7.92518624187668e-05,0,0,0,0,0.00296614882651737,0.000392066188815055,0,0,0,0,0.000497937117655428,0,0,0,0,0,0,0,0,0,0,0,0.00490869821323385,0.000370618756838798,4.47908268386634e-05,0,0,0,8.77331508483796e-05,0.00288146976623264,0.000218634988886055,0.00112209227051055,0,0,0,0,0,5.34287927764272e-05,0,0,"Bacteria","Proteobacteria","Gammaproteobacteria","Enterobacterales","Pasteurellaceae","Actinobacillus"
"Actinomyces",0.0125991837148579,0.0023778675405838,0.00911204339577265,0.0754327563249001,0.000822774395260819,0.00103918878325607,0.00544780998038788,0.0533836563016374,0.00399268473147101,0.0689248218254272,0.0432801418439716,0.0210896838051686,0.0130727986291526,0.0249592567402826,0.00157810492143292,0.00277439437000947,0.030501626675123,0.023497802419668,0.0984342093214907,0.00589083160995175,0.00522457408363449,0.0485696263589477,0.0049192212096106,0.0948858603595904,0.00622017723244717,0.0944239479288521,0.00591614296936371,0.0289047283577141,0.00908497860665017,0.00834923004616958,0.0313082537900056,0.0659771754636234,0.000482761395180432,0.000685368186165126,0.000678393177302903,0.0487577059592752,0.0323680990693708,0.0731052647452072,0.00515840779853777,6.58241179568194e-05,0.000874988364516429,0.0241704805491991,0.00284535495803101,1.87853399207259e-05,0,0.00418396148098954,0.000200320512820513,2.07404334750596e-05,0,6.31189603044859e-06,0,0,0.000412796697626419,0.00014404316056884,0.00208128804241115,7.05940489216759e-05,0.00123174773806324,0,0.000129694631897349,0.00306491253433569,0.000193012931866435,0.0147106614381351,0.00994789199431549,0.00735833585084804,0,6.88373373717905e-05,0,7.11490572749911e-05,0.000134989200863931,0.000935003873587476,0.00012235783548989,0,"Bacteria","Actinobacteriota","Actinobacteria","Actinomycetales","Actinomycetaceae","Actinomyces"
"Aggregatibacter",0.000202803762009785,0.0133221553235272,0.000133607674424819,0.00139813581890812,0,0.00499297735705065,0,0.00153973261228782,0.00106099314542586,0.00104222545788949,0.000124113475177305,0.00373055747766178,0.00146481675971478,0.00196337598008392,0.000946862952859752,0.016003518744079,2.34898934733331e-05,0.000745468946559195,0,0.00175471579870903,0.000640165203923593,0.000222626247634596,0.00207125103562552,0.000652670510170782,0.000511247443762781,0.000149974504334263,0.00095738413197172,0.0010360117690937,0.000153494886701587,0.0135744104393022,0.000112296462661426,0.00154541131716595,0,0,0,0.000373622267887166,0.00051907604464054,0.000452384064017372,0,0,0,0,0.00754019063878219,0,0,0,0,0,0,0,0,0,0,0,0.00541920282741017,0.00262962832233243,0.00259786795664248,0,0,0,0.000596585425768981,0.00160322377970839,0.00599424261195933,0.00304259634888438,0,0,0,0,0,0,0,0,"Bacteria","Proteobacteria","Gammaproteobacteria","Enterobacterales","Pasteurellaceae","Aggregatibacter"
"Alloprevotella",0.0212690445407762,0.0165841018215075,0.00366085027924004,0.0240124278739458,1.64554879052164e-05,0.0131928263499306,0.00253113632934945,0.036390265885534,0.0036436738283704,0.0331979462027742,0.159007092198582,0.0308372694726075,0.0381128738046542,0.0308750497260256,0.00847667786369682,0.0302476654486399,0.033637527453813,0.0384848343661184,0.00796630345206483,0.00614150529548161,0.0142694889003614,0.0060109086861341,0.022317729908865,0.00512812543705615,0.0544691547375596,0.031554635711929,0.0416093872741555,0.0171356346608097,0.00201462038795833,0.0302175776174283,0.00577203818079731,0.0171184022824536,0,9.56327701625757e-05,0,0.00840650102746124,0.0024841496422083,0.0102942507011953,0.000121852152721365,0,0,0,0.176091904965144,0,0,0,0.000300480769230769,0,0,0,0,0,0,0,0.0681720007853917,0.0174190815714235,0.000246349547612649,0,0,2.89142691918462e-05,0.00600094751802916,0.0154472777693524,0.0317020733884779,0.0298649173535885,0,0,0,0,0,5.34287927764272e-05,0,0,"Bacteria","Bacteroidota","Bacteroidia","Bacteroidales","Prevotellaceae","Alloprevotella"
"Allorhizobium-Neorhizobium-Pararhizobium-Rhizobium",0.000405607524019571,6.09709625790717e-05,0.00056115223258424,0,0.0102188579891394,1.62373247383761e-05,0,7.51089079164789e-05,0,0.000122614759751705,0,0,2.76380520700901e-05,3.84975682369397e-05,0,0,0,0,0,0,0,0.000593669993692256,0,3.10795481033706e-05,0,0.00281952068148415,0,0,0.0178054068573841,0.00116115119847392,0.00217855137563167,0,0,0,0,0.000186811133943583,0,6.03178752023162e-05,0,0,0,0,0,0,0,0,0,0,0,0,3.63609919278598e-05,0,0.000137598899208806,0,0,0,0.000268744961031981,0,0,2.89142691918462e-05,0,0.00112658968303833,0.000637685384250993,0.000280523067627638,0,0,0,0,0,0,0,0.00909090909090909,"Bacteria","Proteobacteria","Alphaproteobacteria","Rhizobiales","Rhizobiaceae","Allorhizobium-Neorhizobium-Pararhizobium-Rhizobium"
"Alloscardovia",2.53504702512232e-05,0,0,0,0,0,0,1.87772269791197e-05,0,0,0,3.00851409488853e-05,0,0,0,0,1.17449467366665e-05,0,0,0,0,0,0,0,0.000127811860940695,0,0,0,9.59343041884917e-06,0,0,0,6.0345174397554e-05,0,0,0.000373622267887166,0,0,0,0,0,0,0,0,0,9.9618130499751e-05,5.00801282051282e-05,0,0,0,0,0,0,0,0,0,0,0,0,0,0,0,0,0,0,0,0,0,0,0,0,0,"Bacteria","Actinobacteriota","Actinobacteria","Bifidobacteriales","Bifidobacteriaceae","Alloscardovia"
"Alysiella",0,0,0,0,0,8.11866236918805e-05,0,0,0,0,0,0,0,0,0,0,0,0,0,0,6.19514713474445e-05,0,0,0,0,2.99949008668526e-05,0,0,0,0,0,0,0,0,0,0,0,1.0052979200386e-05,0,0,0,0,0,0,0,0,0,0,0,0,0,0,0,0,3.92695857058708e-05,0,0,0,0,0,0,2.16651862122755e-05,0,0,0,0,0,0,0,0,0,0,"Bacteria","Proteobacteria","Gammaproteobacteria","Burkholderiales","Neisseriaceae","Alysiella"
"Amnipila",0,4.57282219343038e-05,0,0,0,2.43559871075642e-05,0,0,0,1.53268449689631e-05,0.000407801418439716,0,0.000138190260350451,0,0.000293076628266114,0,0,0,0,0,0,0,0,0,0,0,0,0,9.59343041884917e-06,0,0,0,0,0,0,0,0,2.01059584007721e-05,0,0,0,0,0,0,0,0,0,0,0,0,0,0,0,0,3.92695857058708e-05,3.52970244608379e-05,0,0,0,0,0,0,3.64391648143425e-05,0,0,0,0,0,0,0,0,0,"Bacteria","Firmicutes","Clostridia","Peptostreptococcales-Tissierellales","Anaerovoracaceae","Amnipila"
"Anaeroglobus",0,1.52427406447679e-05,0,0,0,8.11866236918805e-06,5.0287476742042e-05,0,4.18813083720735e-05,0,0,0,0,5.13300909825863e-05,0.000157810492143292,2.25560517886949e-05,0.000328858508626663,6.21224122132662e-05,0,0,0,0.00055656561908649,0,7.76988702584264e-05,0,0,2.4548311076198e-05,0.000165761883054992,0.00100731019397916,0.000138232285532609,0.000134755755193711,0,0,0,0,0,0,3.01589376011581e-05,0,0,0,4.7673531655225e-05,0,0,0,0,0,0,0,0,0,0,0,0,0.000117808757117612,0,0,0,0,0,0,0,0.000327952483329082,4.31573950196366e-05,0,0,0,0,0,0,0,0,"Bacteria","Firmicutes","Negativicutes","Veillonellales-Selenomonadales","Veillonellaceae","Anaeroglobus"
"Aquabacterium",0,0,0,0,0,0,0,0,0,0,0,0,0,0,0,0,0,1.55306030533166e-05,0,0,0,0,0,0,0,0,0,0,0,0,0,0,0,0,0,0,0,0,0,0,0,0,0,1.87853399207259e-05,0,3.3206043499917e-05,0,0,0,0,0,0,0,0,0,1.7648512230419e-05,0,2.74842309225082e-05,4.18369780314028e-06,0,0,0,0,0,0,2.29457791239302e-05,0,0.000142298114549982,0,0,0,0,"Bacteria","Proteobacteria","Gammaproteobacteria","Burkholderiales","Comamonadaceae","Aquabacterium"
"Atopobium",0.00380257053768347,0.000137184665802911,0.0074553082329049,0.00190856635596982,0.00041138719763041,0.000746916937965301,0.00796218381748998,0.0237531921285864,0.00439753737906772,0.0046133803356579,0.00395390070921986,0.00108306507415987,0.00160300702006523,0.00085977902395832,0.000247987916225173,0.00062029142418911,0.0069882433083166,0.00128904005342527,0.00695906968226353,0.00106536316350191,0.000392359318533815,0.0101294942673741,0.000129453189726595,0.00523690385541794,0.00325920245398773,0.0292150334443145,0.00157109190887667,0.00706560026521901,0.00572727796005296,0.00323463548146305,0.00525547445255474,0.00158503724837534,0.000160920465060144,0.000494102645839975,0,0.0076592564916869,0.000222461161988803,0.000894715148834357,0.000649878147847279,0.000197472353870458,0.000130317415991809,0.0059115179252479,0.00138711054204012,0,0,0.00405113730698987,5.00801282051282e-05,0,0,0,0,0,0,0,0.00380914981346947,0.000158836610073771,2.23954134193317e-05,0,0.000171531609928752,0.000954170883330924,0.000421119124072222,0.00153822822107156,0.0078526400174908,0.000517888740235639,0,0.000137674674743581,0.000168995042812078,0.00064034151547492,0,0.00112200464830497,1.52947294362363e-05,0.00909090909090909,"Bacteria","Actinobacteriota","Coriobacteriia","Coriobacteriales","Atopobiaceae","Atopobium"
"Bacteroides",0,0,0,0,0,0,1.67624922473473e-05,0,1.39604361240245e-05,0,0,0,0,0,0,0,0.000399328189046663,0,0,0,0,3.7104374605766e-05,0,0,0,0,0,8.28809415274958e-05,9.59343041884917e-06,0,0,0,0,0,0,0,0,0,0,0,0,0,0,0,0,0,0,0,0,0,0,0,0,0,0,1.7648512230419e-05,0,0,0,0,0,0,1.82195824071712e-05,0.000107893487549092,0,0,0,0,0,0,0,0,"Bacteria","Bacteroidota","Bacteroidia","Bacteroidales","Bacteroidaceae","Bacteroides"
"Bergeyella",2.53504702512232e-05,0.000121941925158143,2.67215348849638e-05,0,0,0.000129898597907009,3.35249844946947e-05,0,0.000362971339224637,1.53268449689631e-05,5.31914893617021e-05,0.000240681127591083,0.000248742468630811,2.56650454912931e-05,0.000225443560204703,0.00134208508142735,0,1.55306030533166e-05,0,0.000626684213824654,2.06504904491482e-05,0,2.5890637945319e-05,7.76988702584264e-05,2.13019768234492e-05,0,0.00012274155538099,0.000290083295346235,3.83737216753967e-05,2.76464571065218e-05,4.49185850645705e-05,3.96259312093834e-05,0,0,0,0,0.000129769011160135,4.02119168015441e-05,0,0,0,0,0.000355669369753877,0,0,0,0,0,0,0,0,0,0,0,0.00589043785588062,0.00132363841728142,0.000559885335483293,0,0,0,0.000263199452545139,0.000129991117273653,0.000437269977772109,0.000107893487549092,0,0,0,0,0,0,0,0,"Bacteria","Bacteroidota","Bacteroidia","Flavobacteriales","Weeksellaceae","Bergeyella"
"Bifidobacterium",0,0.000106699184513376,0,0,3.29109758104328e-05,0,0,7.51089079164789e-05,0,0,0,0,0,0,0,0,0,0,0,6.26684213824654e-05,0.000392359318533815,0,0,7.76988702584264e-05,0.000106509884117246,0,0,4.14404707637479e-05,0.000105527734607341,0,0.000202133632790567,0,4.0230116265036e-05,0,0,0,0,0,0,0,0,0,0,0,0,0.000298854391499253,0,2.07404334750596e-05,0,0,0,0.000559910414333707,0,0,0,0,0,0,0,0,0,0,0,2.15786975098183e-05,0,0,0.00180261378999549,0,0,0,0,0,"Bacteria","Actinobacteriota","Actinobacteria","Bifidobacteriales","Bifidobacteriaceae","Bifidobacterium"
"Bosea",0,0,0,0,0.000345565246009544,0,0,0,0,0,0,0,0,0,0,0,0,0,0,0,0,0,0,0,0,0,0,0,9.59343041884917e-06,0,0,0,0,0,0,0,0,0,0,0,0.486195662291725,0,0,0,0,0,0,2.07404334750596e-05,4.38263308595804e-05,0,0,0,0,0,0,0,0,1.37421154612541e-05,4.18369780314028e-06,0,1.75466301696759e-05,2.16651862122755e-05,0,2.15786975098183e-05,0,0,0,0,0.000134989200863931,0,0,0,"Bacteria","Proteobacteria","Alphaproteobacteria","Rhizobiales","Beijerinckiaceae","Bosea"
"Bradyrhizobium",0,0,0,0,1.64554879052164e-05,8.11866236918805e-06,0,0,4.18813083720735e-05,0,0,0,0,0,0,0,0,0,0,0.000125336842764931,0,0,0,0,0,0,0,0,0,0,0,0,0,0,0,0,0,0,0,0,0,0,0,0,0,0,0,0,0,0,3.63609919278598e-05,0,6.87994496044032e-05,0,7.85391714117416e-05,0,0,1.37421154612541e-05,0,2.89142691918462e-05,1.75466301696759e-05,0,0,0,0,0,0,0,0.000134989200863931,5.34287927764272e-05,0,0.00909090909090909,"Bacteria","Proteobacteria","Alphaproteobacteria","Rhizobiales","Xanthobacteraceae","Bradyrhizobium"
"Brevibacillus",0,0,0,0,0,0,0,0,0,0,0,0,0,1.28325227456466e-05,0,0,0,0,0,0,0,0,0,0,0,0,0,0,0,0,0,0,0,0,7.26849832824538e-05,0,0,0,0,0,0,0,0,0,2.11407551477739e-05,3.3206043499917e-05,0,0,0,0.904835543548927,3.63609919278598e-05,0,0,0.733690385773774,0.000117808757117612,0,0,1.37421154612541e-05,1.25510934094209e-05,2.89142691918462e-05,0,0,0,0,0,0.000711319152841835,5.63316809373592e-05,0,0.000539956803455724,0.000160286378329282,0.844269064880242,0,"Bacteria","Firmicutes","Bacilli","Brevibacillales","Brevibacillaceae","Brevibacillus"
"Brevundimonas",0.000101401881004893,0,0,0,1.64554879052164e-05,0,0,0,0.00108891401767391,3.06536899379263e-05,0,0,2.76380520700901e-05,0,0,0,0,0,9.15667063455728e-05,0,0,3.7104374605766e-05,0,1.55397740516853e-05,0,0.0005699031164702,0,0,2.87802912565475e-05,0,0.000224592925322852,0,0,4.78163850812879e-05,0,0,0,0,0,0,0,0,0,0,0,0,0,0,1.46087769531935e-05,0,0,0,0,0,0,0,0,0,0,0,0,0.00023831704833503,1.82195824071712e-05,0,5.57537912578055e-05,0,0,7.11490572749911e-05,0,0,0,0,"Bacteria","Proteobacteria","Alphaproteobacteria","Caulobacterales","Caulobacteraceae","Brevundimonas"
"Brooklawnia",0,0,0,0,0,0,0,0,8.37626167441471e-05,0,0,0,0,0,0,0,0,0,0,0,0,0,0,0,0,2.99949008668526e-05,0,0,0,2.76464571065218e-05,0,0,0,0,0,0,0,0,0,0,0,0,0,0,0,0,0,0,0,0,0,0,0,0,0,0,0,0,0,0,0,0,0,0,0,0,0,7.11490572749911e-05,0,0,0,0,"Bacteria","Actinobacteriota","Actinobacteria","Propionibacteriales","Propionibacteriaceae","Brooklawnia"
"Bulleidia",0,0,2.67215348849638e-05,0,0,8.11866236918805e-06,0.000117337445731431,0,0,0,0,0,2.76380520700901e-05,1.28325227456466e-05,2.25443560204703e-05,0,0,0,0,0.000689352635207119,0,0,0,0,0,5.99898017337053e-05,0,0,0.00023024233005238,0,0,0,0,0,4.84566555216359e-05,0,0,0,0,0,0,0,0,0,0,0,0,0,0,0,0,0,0,0,0,0,0,0,0,0,0,0.000129991117273653,1.82195824071712e-05,0,0,0,0,0,0,0,0,0,"Bacteria","Firmicutes","Bacilli","Erysipelotrichales","Erysipelotrichaceae","Bulleidia"
"Butyrivibrio",0.000583060815778133,0,8.01646046548914e-05,0.000199733688415446,0,0,0,0,0,0.00101157176795157,5.31914893617021e-05,0,0,0,0.000112721780102351,3.38340776830424e-05,0.00187919147786665,0.000326142664119648,0.000366266825382291,0,0,0.000259730622240362,0.000647265948632974,0.000388494351292132,4.26039536468984e-05,0.000389933711269084,0.00012274155538099,4.14404707637479e-05,0.000354956925497419,0,0.000179674340258282,0,0,0,0,0,0,0.000191006604807335,0,0,0,0,0.000497937117655428,0,0,0,0,0,0,0,0,0,0,0,7.85391714117416e-05,0,0,0,0,0,0,0,0.00029151331851474,2.15786975098183e-05,0,0,0,0,0,0,0,0,"Bacteria","Firmicutes","Clostridia","Lachnospirales","Lachnospiraceae","Butyrivibrio"
"Campylobacter",0.00169848150683195,0.00051825318192211,8.01646046548914e-05,0.000932090545938748,6.58219516208656e-05,0.000349102481875086,0.000452587290678378,0.000469430674477993,0.000963270092557691,0.00191585562112039,0.00570921985815603,0.00213604500737086,0.000801503510032613,0.00102660181965173,0.00121739522510539,0.000327062750936076,0.00185570158439331,0.00456599729767507,0.000457833531727864,0.000125336842764931,0.000268456375838926,0.00189232310489407,7.76719138359569e-05,0.0010567046355146,0.000702965235173824,0.00107981643120669,0.00157109190887667,0.00167833906593179,0.000268616051727777,0.00030411102817174,0.000134755755193711,0.00677603423680456,0,0,0,0.000560433401830749,0.000185384301657336,0.000663496627225478,0,0,1.86167737131155e-05,0,0.0020273154075971,0,0,6.6412086999834e-05,0.000200320512820513,0,0,0,0,0.000559910414333707,0,0,0.00133516591399961,0.000758886025908016,6.71862402579952e-05,0,0,0,0.000157919671527083,0.000996598565764673,0.00089275953795139,0.000690518320314186,0,0,0,0,0,0,0,0,"Bacteria","Campylobacterota","Campylobacteria","Campylobacterales","Campylobacteraceae","Campylobacter"
"Candidatus Saccharimonas",0.00263644890612721,0.000106699184513376,0.00120246906982337,0.000776742121615624,0,0.000738798275596113,0,0,0.000460694392092809,0.000337190589317189,0.00343971631205674,0.000270766268539968,0.000386932728981261,0.000680123705519268,0.000743963748675519,0.000259394595569991,0.000528522603149995,0.000264020251906382,0.000274700119036718,0.000501347371059723,2.06504904491482e-05,0.00111313123817298,0,0.00136750011654831,0.000340831629175187,0.000869852125138726,0.000270031421838178,0.00165761883054992,0.0011703985110996,0.00157584805507174,0.00110050533408198,0.000158503724837534,4.0230116265036e-05,6.37551801083838e-05,0,0.000560433401830749,1.85384301657336e-05,0.000432278105616599,0,0,0,0.00066742944317315,0.000497937117655428,0,0,0.00106259339199734,0,0,0,0,0,0,0,0,0.000785391714117416,0.000776534538138435,0,0,0,0.000202399884342923,0.000157919671527083,0.000779946703641918,0.00229566738330357,0.00172629580078546,0,0,0.000112663361874718,0,0,0.000187000774717495,0,0,"Bacteria","Patescibacteria","Saccharimonadia","Saccharimonadales","Saccharimonadaceae","Candidatus Saccharimonas"
"Capnocytophaga",0.000329556113265901,0.0286868378934532,2.67215348849638e-05,0.000155348424323125,0,0.00095800215956419,5.0287476742042e-05,5.63316809373592e-05,0.00213594672697575,7.66342248448157e-05,0.000460992907801418,6.01702818977707e-05,0.000635675197612072,0.000320813068641164,0.00202899204184232,2.25560517886949e-05,4.69797869466662e-05,0.000403795679386231,9.15667063455728e-05,0.00169204737732657,0.000330407847186371,0.000333939371451894,0.000569594034797017,0.000776988702584264,8.52079072937969e-05,0.000329943909535379,0.000785545954438335,0.000165761883054992,0.000153494886701587,0.000359403942384783,2.24592925322852e-05,0.0088365826596925,0,0,0,0.000373622267887166,0.000240999592154536,0.000140741708805404,0,0,0,0,0.00113814198321241,0,0,0,0.000500801282051282,0,0,0,0,0,0,0,0.00404476732770469,0.00208252444318944,0.000223954134193317,0,0,0,0.000421119124072222,0.00110492449682605,0.000528367889807966,0.000280523067627638,0,0,0,0,0,0,0,0,"Bacteria","Bacteroidota","Bacteroidia","Flavobacteriales","Flavobacteriaceae","Capnocytophaga"
"Cardiobacterium",2.53504702512232e-05,6.09709625790717e-05,0,2.21926320461607e-05,0,6.49492989535044e-05,0,1.87772269791197e-05,2.7920872248049e-05,1.53268449689631e-05,0,3.00851409488853e-05,0,0,4.50887120409406e-05,0,0,1.55306030533166e-05,0,0,0,3.7104374605766e-05,2.5890637945319e-05,0,0,0,0,0,9.59343041884917e-06,0,0,0,0,0,0,0,3.70768603314671e-05,2.01059584007721e-05,0,0,0,0,0,0,0,0,0,0,0,0,0,0,0,0,3.92695857058708e-05,3.52970244608379e-05,0,0,0,0,0,0,0,0,0,0,0,0,0,0,0,0,"Bacteria","Proteobacteria","Gammaproteobacteria","Cardiobacteriales","Cardiobacteriaceae","Cardiobacterium"
"Catonella",0.000202803762009785,4.57282219343038e-05,0.000106886139539855,0.000133155792276964,0,6.49492989535044e-05,6.70499689893893e-05,0,0.000460694392092809,0.000229902674534447,0.00111702127659574,3.00851409488853e-05,0.000414570781051351,0.000128325227456466,0.000518520188470816,2.25560517886949e-05,0.00158556780944998,0.00211216201525105,0.000274700119036718,0.000689352635207119,2.06504904491482e-05,0.00137286186041334,0.000155343827671914,0.000388494351292132,8.52079072937969e-05,0.000299949008668526,9.81932443047918e-05,0.00010360117690937,0.000143901456282738,2.76464571065218e-05,0.000224592925322852,0.000515137105721984,0,0,0,0,5.56152904972007e-05,0.000150794688005791,0,0,0,0,0.000320102432778489,0,0,0,0,0,0,0,0,0,0,0,0.000667582956999804,0.000211782146765028,2.23954134193317e-05,0,0,0,0,0.00023831704833503,0.000419050395364938,0.000107893487549092,0,0,0,0,0,0,0,0,"Bacteria","Firmicutes","Clostridia","Lachnospirales","Lachnospiraceae","Catonella"
"Caulobacter",0.00121682257205871,1.52427406447679e-05,0.000240493813964674,0,0.00105315122593385,0,0,0,1.39604361240245e-05,0,0,0,2.76380520700901e-05,3.84975682369397e-05,0,0,0,0,0,0,0,0,0,0,0,0.00983832748432766,0,0,0.00207218097047142,0,0,0,0,0,0,0,0,0,0,0,0,0,0,0,0,0,0,0,0,0,0,0,0,0,0,0,0,0,0,0,0,0.00205819269016617,0,0,0,0,0,0,0,0,0,0.0272727272727273,"Bacteria","Proteobacteria","Alphaproteobacteria","Caulobacterales","Caulobacteraceae","Caulobacter"
"Comamonas",0,0.00051825318192211,0,0,0,0,0,1.87772269791197e-05,0,0,0,0,0,0,0,0,0,0,0,0,0,0,0.000129453189726595,0,0,0,0,0,0,0,0,0,0,0,0,0,0,0,0,0,0,0,0,0,0,0,0,0,0,0,0,0,0,0,0.000117808757117612,1.7648512230419e-05,0,0,0,0,0,0,0,2.15786975098183e-05,0,0,0,0,0,0,0,0,"Bacteria","Proteobacteria","Gammaproteobacteria","Burkholderiales","Comamonadaceae","Comamonas"
"Corynebacterium",0.000152102821507339,0.000121941925158143,0.000133607674424819,0.000399467376830892,1.64554879052164e-05,0.000121779935537821,6.70499689893893e-05,5.63316809373592e-05,0.00117267663441806,0.000306536899379263,3.54609929078014e-05,0.000300851409488853,0,0.000731453796501854,0.000473431476429876,0.000394730906302161,0.000293623668416664,0.000885244374039044,0.000366266825382291,0.000940026320736981,0.000702116675271038,0.000333939371451894,0.000233015741507871,0.000932386443101117,0.000106509884117246,0.000119979603467411,9.81932443047918e-05,0.00242426753967925,0.000134308025863888,5.52929142130436e-05,6.73778775968557e-05,3.96259312093834e-05,0,1.5938795027096e-05,0.000193826622086544,0.00168130020549225,0.000815690927292277,4.02119168015441e-05,0,0,0,4.7673531655225e-05,7.11338739507754e-05,0,0,0.000199236260999502,0.000100160256410256,1.03702167375298e-05,0,0,3.63609919278598e-05,0,0,1.30948327789854e-05,0.000667582956999804,0.000335321732377961,0.000268744961031981,0,0,0.000231314153534769,0.0014563703040831,0.000129991117273653,0.000109317494443027,0.00025894437011782,0,0,5.63316809373592e-05,0.000142298114549982,0.000269978401727862,0,0,0,"Bacteria","Actinobacteriota","Actinobacteria","Corynebacteriales","Corynebacteriaceae","Corynebacterium"
"Cryptobacterium",0,0,0,0,0,0,1.67624922473473e-05,0,0.000698021806201226,0,0,0,0,0,2.25443560204703e-05,0,0,1.55306030533166e-05,0,0.000188005264147396,0,0,0,0,0,2.99949008668526e-05,0,2.07202353818739e-05,0.000354956925497419,0,2.24592925322852e-05,0,0,0,2.42283277608179e-05,0,0,0,0,0,0,0,0,0,0,0,0,0,0,0,0,0,0,0,0,0,0,0,0,0,0,0,0,0,0,0,0,0,0,0,0,0,"Bacteria","Actinobacteriota","Coriobacteriia","Coriobacteriales","Eggerthellaceae","Cryptobacterium"
"Cutibacterium",0,0,0,2.21926320461607e-05,0,8.11866236918805e-06,0,0,0,0,0,0,0,0,0,0,0,1.55306030533166e-05,0,6.26684213824654e-05,0,0,0,0,0,0,0,2.07202353818739e-05,0,0,0,0,0,0.000207204335352247,0.00549983040170567,0,0,0,0.000203086921202275,6.58241179568194e-05,1.86167737131155e-05,9.534706331045e-05,3.55669369753877e-05,0,0.000147985286034417,0.000265648347999336,0.000100160256410256,3.11106502125894e-05,5.84351078127739e-05,6.31189603044859e-06,0.000290887935422878,0.00783874580067189,6.87994496044032e-05,0,0.000314156685646966,0,0,6.87105773062705e-05,0,0.000173485615151077,5.26398905090277e-05,0,0,0,0.000278768956289028,9.17831164957206e-05,0.000112663361874718,0.00128068303094984,0.00202483801295896,0.000347287153046777,0,0,"Bacteria","Actinobacteriota","Actinobacteria","Propionibacteriales","Propionibacteriaceae","Cutibacterium"
"Defluviitaleaceae UCG-011",0,0,0,0,0,4.05933118459403e-05,0,0,5.58417444960981e-05,0,0,0,0,1.28325227456466e-05,9.01774240818811e-05,0,0.000176174201049998,0,0,6.26684213824654e-05,0,0.00018552187302883,0,0,0,0,0,8.28809415274958e-05,6.71540129319442e-05,0,0,0,0,0,0,0,0,0,0,0,0,0,0,0,0,0,0,0,0,0,0,0,0,0,0.000157078342823483,5.29455366912569e-05,0,0,0,0,0,2.16651862122755e-05,3.64391648143425e-05,8.63147900392732e-05,0,0,0,0,0,0,0,0,"Bacteria","Firmicutes","Clostridia","Lachnospirales","Defluviitaleaceae","Defluviitaleaceae UCG-011"
"Desulfomicrobium",0,0.000106699184513376,0,0,0,3.24746494767522e-05,0,0,0,0,0,0,0,0,2.25443560204703e-05,0,1.17449467366665e-05,0,0,0,0,0,0,0,0,0,0,2.07202353818739e-05,1.91868608376983e-05,0,0,0,0,0,0,0,0,0,0,0,0,0,0,0,0,0,0,0,0,0,0,0,0,0,0,0,0,0,0,0,0,0,0,0,0,0,0,0,0,0,0,0,"Bacteria","Desulfobacterota","Desulfovibrionia","Desulfovibrionales","Desulfomicrobiaceae","Desulfomicrobium"
"Dialister",0.000126752351256116,0.000243883850316287,5.34430697699276e-05,0.000177541056369285,0,2.43559871075642e-05,0.000888412089109409,5.63316809373592e-05,0.000293169158604515,0,0.000301418439716312,0,0.000193466364490631,5.13300909825863e-05,0.000360709696327524,5.63901294717373e-05,0.000528522603149995,0.000139775427479849,0.000274700119036718,0.000564015792442188,0.00022715539494063,0.00037104374605766,0,9.32386443101117e-05,0.000404737559645535,0.000209964306067968,0.000147289866457188,0.000393684472255605,0.00215852184424106,5.52929142130436e-05,2.24592925322852e-05,0.000356633380884451,0,0,0,0,3.70768603314671e-05,6.03178752023162e-05,0,0,0,0.0001906941266209,7.11338739507754e-05,0,0,0,0,0,0,0,0,0,0,0,0.000903200471235028,8.82425611520949e-05,2.23954134193317e-05,0,0,0,7.01865206787037e-05,6.49955586368265e-05,0.000346172065736253,6.47360925294549e-05,0,0,0,0,0.000134989200863931,0,0,0,"Bacteria","Firmicutes","Negativicutes","Veillonellales-Selenomonadales","Veillonellaceae","Dialister"
"Dioszegia",0,0,0,0,0,0,0,0,0,0,0,0,0,0,0,0,0,0,0,0,0,0,0,0,0,0,0,0,0,0,0,0,0,0,0,0,1.85384301657336e-05,0,0,0,0,0,0,0,0,0,0,0,0,0,0,0,0,0,0,0,0,0,0,0,0,0,0,0,0,0,0,0,0,0,0,0,"Eukaryota","Basidiomycota","Tremellomycetes","Tremellales","Bulleribasidiaceae","Dioszegia"
"DNF00809",0,0,0,0,0,0,0,0,0,0,0,0,0,0,0,0,1.17449467366665e-05,0,0,0,0,0,0,0,4.26039536468984e-05,0,0,0,0,0,0,0,0,0,0,0.000186811133943583,0,0,0,0,0,0,0,0,0,0,0,0,0,0,0,0,0,0,0,0,0,0,0,0,0,0,0,0,0,0,0,0,0,0,0,0,"Bacteria","Actinobacteriota","Coriobacteriia","Coriobacteriales","Eggerthellaceae","DNF00809"
"Dolosigranulum",0,0,0,0,0,0,0,0,0,0,0,0,0,0,0.000135266136122822,0,0,0,0,0,0,0,0,0,0,0,0,8.28809415274958e-05,0,0,0,0,0,0,0,0.000186811133943583,0,0,0,0,0,0,0,0,0,0,0,0,0,0,0,0,0,0,0.00200274887099941,0.000723589001447178,0,0,0,2.89142691918462e-05,0.00129845063255602,0,0,0,0,0,0,0,0,0,0,0,"Bacteria","Firmicutes","Bacilli","Lactobacillales","Carnobacteriaceae","Dolosigranulum"
"Edaphobaculum",2.53504702512232e-05,0,0,0,0,0,0,0,0,0,0,0,2.76380520700901e-05,0,0,0,0,0,0,0,0,0,0,0,0,2.99949008668526e-05,0,0,0,0,0,0,0,0,0,0,0,0,0,0,0,0,0,0,0,0,0,0,0,0,0,0,0,0,0,0,0,0,0,0,0,8.6660744849102e-05,0,0,0,0,0,0,0,0,0,0,"Bacteria","Bacteroidota","Bacteroidia","Chitinophagales","Chitinophagaceae","Edaphobaculum"
"Eggerthia",0,0,0,0,0,0,0,0,1.39604361240245e-05,0,0,0,0,0,0,1.12780258943475e-05,0,0,0,6.26684213824654e-05,0,7.4208749211532e-05,0,0,0,0,0,0,0,0,0,0,0,0,0,0,0,0,0,0,0,0,0,0,0,0,0,0,0,0,0,0,0,0,0,0,0,0,0,0,0,0,1.82195824071712e-05,2.15786975098183e-05,0,0,0,0,0,0,0,0,"Bacteria","Firmicutes","Bacilli","Erysipelotrichales","Erysipelatoclostridiaceae","Eggerthia"
"Eikenella",0,0.000213398369026751,0,4.43852640923214e-05,0,2.43559871075642e-05,0,1.87772269791197e-05,0,0,0,0,0,7.69951364738794e-05,4.50887120409406e-05,2.25560517886949e-05,0,4.65918091599497e-05,0,0,0.000185854414042334,3.7104374605766e-05,0,0,0,2.99949008668526e-05,0,2.07202353818739e-05,0,0,0,3.96259312093834e-05,0,0,0,0,1.85384301657336e-05,0,0,0,0,0,3.55669369753877e-05,0,0,0,0,0,0,0,0,0,0,0,3.92695857058708e-05,0,0,0,0,0,1.75466301696759e-05,2.16651862122755e-05,5.46587472215137e-05,8.63147900392732e-05,0,0,0,0,0,0,0,0,"Bacteria","Proteobacteria","Gammaproteobacteria","Burkholderiales","Neisseriaceae","Eikenella"
"Enterobacter",0,0,0,0,0,0,0,0,1.39604361240245e-05,0,0,0,0,0,0,0,0.000140939360839999,0,0,0,0,0,0,0,0,0,0,0,0,0,0,3.96259312093834e-05,2.0115058132518e-05,0,0,0.0392303381281524,0,1.0052979200386e-05,0,0,0,0,0,3.75706798414517e-05,0,0,0,0,1.46087769531935e-05,6.31189603044859e-06,0,0.000559910414333707,0,0,0,0,0,1.37421154612541e-05,0,0,0,0,1.82195824071712e-05,0,0.000111507582515611,2.29457791239302e-05,0,0.000142298114549982,0,0,0,0,"Bacteria","Proteobacteria","Gammaproteobacteria","Enterobacterales","Enterobacteriaceae","Enterobacter"
"Erysipelotrichaceae UCG-006",0,0,0,0,0,0,0,0,0,0,0,0,0,0,0,0,0,0,0,0,0,3.7104374605766e-05,0,0,0,0,0,0,0.000172681747539285,0,0,0,0,0,0,0,0,1.0052979200386e-05,0,0,0,0,0,0,0,0,0,0,0,0,0,0,0,0,0,1.7648512230419e-05,0,0,0,0,0,0,3.64391648143425e-05,2.15786975098183e-05,0,0,0,0,0,0,0,0,"Bacteria","Firmicutes","Bacilli","Erysipelotrichales","Erysipelotrichaceae","Erysipelotrichaceae UCG-006"
"Escherichia-Shigella",0,0,0,0,0,0,0,0,0,0,0,0,0,0,0,0,0,4.65918091599497e-05,0,0,0,0,0,1.55397740516853e-05,0,0,0,0,0,0,2.24592925322852e-05,0,0,0,0,0.130020549224734,0,1.0052979200386e-05,0,0,1.86167737131155e-05,4.7673531655225e-05,0,0,0,6.6412086999834e-05,0,0,1.46087769531935e-05,0,0,0.000559910414333707,0,0,0,0,0,0,8.36739560628057e-06,0,0,0,0,0,0,2.29457791239302e-05,0,0,0.000134989200863931,2.67143963882136e-05,0,0,"Bacteria","Proteobacteria","Gammaproteobacteria","Enterobacterales","Enterobacteriaceae","Escherichia-Shigella"
"F0058",0,3.04854812895359e-05,2.67215348849638e-05,0,0,3.24746494767522e-05,0,1.87772269791197e-05,0.000376931775348662,0,0,0,5.52761041401802e-05,3.84975682369397e-05,9.01774240818811e-05,0,3.52348402099996e-05,3.10612061066331e-05,0,0,6.19514713474445e-05,3.7104374605766e-05,0,0.00029525570698202,0,0,0,0,0,0,2.24592925322852e-05,3.96259312093834e-05,0,0,0,0,0,0,0,0,0,0,0,0,0,3.3206043499917e-05,5.00801282051282e-05,0,0,0,0,0,0,0,0.000274887099941096,0.00035297024460838,6.71862402579952e-05,0,0,0,0.000122826411187731,8.6660744849102e-05,3.64391648143425e-05,2.15786975098183e-05,0,0,0,0,0,0,0,0,"Bacteria","Bacteroidota","Bacteroidia","Bacteroidales","Paludibacteraceae","F0058"
"F0332",2.53504702512232e-05,0,0,2.21926320461607e-05,0,0,0,0,0.000376931775348662,0,0,0,0,1.28325227456466e-05,0,1.12780258943475e-05,2.34898934733331e-05,6.21224122132662e-05,0,6.26684213824654e-05,0,3.7104374605766e-05,0,0,0,8.99847026005579e-05,0,2.07202353818739e-05,0.000364550355916269,8.29393713195654e-05,0,0,0,0,0,0,0,0,0,0,0,0,0,0,0,0,0.000100160256410256,0,0,0,0,0,0,0,0,1.7648512230419e-05,4.47908268386634e-05,0,0,0,0,0,1.82195824071712e-05,0,0,0,0,0,0,0,0,0,"Bacteria","Actinobacteriota","Actinobacteria","Actinomycetales","Actinomycetaceae","F0332"
"Family XIII AD3011 group",0,0,0,0,0,0,0,0,2.7920872248049e-05,0,0,0,0,0,0,0,0,0,0,0,0,0,0,0,0,0,0,0,0.000796254724764481,0,0,0,0,0,0,0,0,0,0,0,0,0,0,0,0,0,0,0,0,0,0,0,0,0,0,0,0,0,0,0,0,0,3.64391648143425e-05,0,0,0,0,0,0,0,0,0,"Bacteria","Firmicutes","Clostridia","Peptostreptococcales-Tissierellales","Anaerovoracaceae","Family XIII AD3011 group"
"Family XIII UCG-001",0,0,5.34430697699276e-05,0,0,0,3.35249844946947e-05,0,1.39604361240245e-05,0,3.54609929078014e-05,0,0,0,0,0,2.34898934733331e-05,0,9.15667063455728e-05,6.26684213824654e-05,0,0,0,0,0,0.000149974504334263,0,2.07202353818739e-05,0.000402924077591665,8.29393713195654e-05,6.73778775968557e-05,0,0,0,0,0,0,1.0052979200386e-05,0,0,0,0,0,0,0,0,0,0,0,0,0,0,0,0,0,1.7648512230419e-05,0,0,0,0,0,0,1.82195824071712e-05,0,0,0,0,0,0,0,0,0,"Bacteria","Firmicutes","Clostridia","Peptostreptococcales-Tissierellales","Anaerovoracaceae","Family XIII UCG-001"
"Faucicola",0,3.04854812895359e-05,0,2.21926320461607e-05,0,0.000276034520552394,0,0,0,1.53268449689631e-05,0,0,0,0,0,0,0,0,0,0,0,0,0,0,0,0,0,0,0,0,0,0,0,0,0,0,0,0,0,0,0,0,0,0,0,0,0,0,0,0,0,0,0,0,0.000157078342823483,5.29455366912569e-05,2.23954134193317e-05,0,0,0,1.75466301696759e-05,0,1.82195824071712e-05,0,0,0,0,0,0,0,0,0,"Bacteria","Proteobacteria","Gammaproteobacteria","Pseudomonadales","Moraxellaceae","Faucicola"
"Filifactor",0,3.04854812895359e-05,0.000160329209309783,0.000133155792276964,1.64554879052164e-05,0.000276034520552394,0,0,0.00110287445379794,1.53268449689631e-05,5.31914893617021e-05,0,0,0,0.000653786324593638,0,0.000364093348836663,3.10612061066331e-05,9.15667063455728e-05,0,0,0.000296834996846128,2.5890637945319e-05,0,4.26039536468984e-05,0.000149974504334263,0,0.000642327296838092,0.00123755252403154,0,0.000202133632790567,0,0,0,0,0,0,0,0,0,0,0,0.000106700810926163,0,0,0.000132824173999668,0,0,0,0,0,0,0,0,0.000628313371293933,0.000105891073382514,0,0,0,2.89142691918462e-05,3.50932603393518e-05,0,0.000200415406478883,0,0,0,0,0,0.000134989200863931,0.000160286378329282,0,0,"Bacteria","Firmicutes","Clostridia","Peptostreptococcales-Tissierellales","Peptostreptococcaceae","Filifactor"
"Flexilinea",0,0,0,0,0,8.11866236918805e-06,0,0,0,0,0,0,0,0,0,0,0,0,0,0,0,0,0,0,0,0,0,0,9.59343041884917e-06,0,0,0,0,0,0,0,0,0,0,0,0,0,0,0,0,0,0,0,0,0,0,0,0,0,0,0,0,0,0,0,0,0,0,2.15786975098183e-05,0,0,0,0,0,0,0,0,"Bacteria","Chloroflexi","Anaerolineae","Anaerolineales","Anaerolineaceae","Flexilinea"
"Fretibacterium",0,6.09709625790717e-05,0.000106886139539855,0,0,6.49492989535044e-05,0.000201149906968168,1.87772269791197e-05,2.7920872248049e-05,0,0,0,0,0,0.000180354848163762,0,0.000540267549886661,0,0,0.000188005264147396,2.06504904491482e-05,0,0,0,2.13019768234492e-05,0,0,4.14404707637479e-05,0.000259022621308928,0,0,3.96259312093834e-05,0,0,0,0,0,0,0,0,0,0,7.11338739507754e-05,0,0,0,0,0,0,0,0,0,0,0,0.000549774199882191,0.000247079171225866,0,0,0,0,1.75466301696759e-05,8.6660744849102e-05,7.28783296286849e-05,6.47360925294549e-05,0,0,0,0,0,0,0,0,"Bacteria","Synergistota","Synergistia","Synergistales","Synergistaceae","Fretibacterium"
"Fusobacterium",0.0391664765381398,0.0560780428321012,0.00264543195361142,0.0651575676875277,0.000822774395260819,0.0304449838844552,0.164071274117036,0.00103274748385158,0.0214571903226257,0.01995555214959,0.308705673758865,0.0913986582027137,0.213061743408325,0.0828211018004029,0.111977816353676,0.0066314792258763,0.0391811423135196,0.0650111043811831,0.00494460214266093,0.00708153161621859,0.00838409912235416,0.049794070720938,0.0514188069594035,0.024242047520629,0.00551721199727335,0.0512312906805843,0.0702818146111547,0.0278065558824748,0.0011895853719373,0.0493212794780349,0.00727681078046042,0.076993184339832,0.00010057529066259,0,0,0.0108350457687278,0.0197063512661748,0.0214530576136238,0,0,1.86167737131155e-05,0,0.029911793996301,3.75706798414517e-05,0,6.6412086999834e-05,5.00801282051282e-05,0,0,0,0,0,0,0,0.0154329471824072,0.00765945430800184,0.00356087073367374,0,4.18369780314028e-06,8.67428075755385e-05,0.00222842203154884,0.0280347509586845,0.0434901432059177,0.0473220836390316,0,9.17831164957206e-05,0,7.11490572749911e-05,0.000269978401727862,5.34287927764272e-05,0,0,"Bacteria","Fusobacteriota","Fusobacteriia","Fusobacteriales","Fusobacteriaceae","Fusobacterium"
"Gemella",0.00808680001014019,0.00219495465284658,0.00414183790716939,0.00279627163781625,0.00116833964127036,0.0712250249648868,0.00105603701158288,0.00189649992489109,0.080872806466474,0.00370909648248908,0.00792553191489362,0.00216613014831974,0.00713061743408325,0.00780217382935311,0.00730437135063237,0.00359769026029684,0.00247818376143664,0.00121138703815869,0.000183133412691146,0.0222472895907752,0.00175529168817759,0.00667878742903788,0.00333989229494615,0.0102873304222157,0.00153374233128834,0.00551906175950088,0.00395227808326787,0.00596742778997969,0.00373184443293233,0.00555693787841088,0.0135878719820326,0.00328895229037882,0.000362071046385324,0.00121134842205929,0.00373116247516596,0.00186811133943583,0.00420822364762152,0.00465452936977873,0.0300568643379366,6.58241179568194e-05,0.00329516894722145,0.0132055682684973,0.0839379712619149,1.87853399207259e-05,0,0.00926448613647684,5.00801282051282e-05,0,0,5.68070642740373e-05,0,0.000559910414333707,0.00405916752665979,0.00014404316056884,0.0806204594541528,0.00656524654971586,0.0399758129535071,0,0.000230103379172716,0.0594477374584357,0.0162481795371199,0.0203002794809021,0.00608534052399519,0.00843727072633896,0,0.00252403570363232,0,0.000284596229099964,0.00661447084233261,0.00731974461037053,0.000183536753234835,0,"Bacteria","Firmicutes","Bacilli","Staphylococcales","Gemellaceae","Gemella"
"Granulicatella",0.00471518746672751,0.00736224373142291,0.00352724260481522,0.0027075011096316,0.0191706434095771,0.0237470874298751,0.000972224550346145,0.0223073456511942,0.00695229718976421,0.00934937543106752,0.00129432624113475,0.00737085953247691,0.0153667569509701,0.00759685346542277,0.0114525328583989,0.00702621013217846,0.00549663507275995,0.00509403780148783,0.000915667063455728,0.0336529422823839,0.0103871966959215,0.0038217505843939,0.00554059652029826,0.0115615918944539,0.00353612815269257,0.0157773178559645,0.00390318146111548,0.00789440968049397,0.00147738828450277,0.0051975339360261,0.00925322852330152,0.000554763036931368,0.00130747877861367,0.00173732865795346,0.00285894267577652,0.00242854474126658,0.0152571280263987,0.00965086003237059,0.012591389114541,0.00118483412322275,0.00135902448105743,0.0153508771929825,0.0227984066012235,0,0,0.0019591565664951,0.000250400641025641,0,0,7.5742752365383e-05,0,0,0.00302717578259374,0.000405939816148548,0.0410759866483409,0.00887720165190074,0.0168189554779181,0,5.43880714408237e-05,0.0603151655341911,0.00636942675159236,0.0202569491084776,0.00535655722770834,0.0144793060290881,0,0.00130790941006402,0.000450653447498873,7.11490572749911e-05,0.00607451403887689,0.00579702401624235,0,0,"Bacteria","Firmicutes","Bacilli","Lactobacillales","Carnobacteriaceae","Granulicatella"
"Haemophilus",0.0128019874768677,0.0533953204786221,0.00112230446516848,0.0128939192188194,0.000362020733914761,0.0579347746665259,0.00110632448832492,0.0118484302238245,0.00212198629085173,0.0108667330829949,0.00817375886524823,0.0429014109931105,0.0343817367751921,0.0137564643833331,0.0165701016750457,0.0589727974015428,0.00034060345536333,0.00549783348087406,0.000640966944419009,0.0114056526916087,0.0361796592669076,0.00140996623501911,0.0118579121789561,0.00629360849093254,0.0129729038854806,0.00350940340142176,0.0369697564807541,0.0179437238407028,0.000527638673036704,0.111249343396644,0.00428972487366648,0.0290854335076874,0.000140805406927626,1.5938795027096e-05,0,0.00410984494675883,0.0548552148604056,0.0342002352397133,8.12347684809098e-05,6.58241179568194e-05,0,9.534706331045e-05,0.0158628538910229,1.87853399207259e-05,0,0,0,2.07404334750596e-05,0,0,0,0,0,0,0.0261142744944041,0.0099537608979563,0.0377138761981546,0,0,8.67428075755385e-05,0.00210559562036111,0.0166388630110276,0.0175818970229202,0.023391308100643,0,0,0,7.11490572749911e-05,0,0.000187000774717495,0,0,"Bacteria","Proteobacteria","Gammaproteobacteria","Enterobacterales","Pasteurellaceae","Haemophilus"
"Helicobacter",0,0,0,0,0,0,0,0,0,0,0,0,0,0,0,0,0,0,0,0,0,0,0,0,0,0,0,0,0,0,0,0,0,0,0,0,0,0,0,0,0,0,0,0,0,0,0,0,0,0,0,0,0,0,0,0,0,0,0,0,0,0,0,0,0,0,0,0,0,0,0,0,"Bacteria","Campylobacterota","Campylobacteria","Campylobacterales","Helicobacteraceae","Helicobacter"
"Howardella",0,0,0,0,0,0,0,0,2.7920872248049e-05,0,0,0,0,0,0,0,2.34898934733331e-05,0,0,0,0,0,0,1.55397740516853e-05,2.13019768234492e-05,0,0,0,4.79671520942459e-05,0,0,0,0,0,0,0,0,0,0,0,0,0,7.11338739507754e-05,0,0,0,0,0,0,0,0,0,0,0,0,0,0,0,0,0,0,0,0,0,0,0,0,0,0,0,0,0,"Bacteria","Firmicutes","Clostridia","Lachnospirales","Lachnospiraceae","Howardella"
"Johnsonella",7.60514107536695e-05,0,0,4.43852640923214e-05,0,7.30679613226925e-05,0,0,0.000809705295193422,6.13073798758525e-05,0.00430851063829787,3.00851409488853e-05,0.000746227405892433,1.28325227456466e-05,0.000180354848163762,0,1.17449467366665e-05,7.76530152665828e-05,0,0.000376010528294792,0,0.000111313123817298,2.5890637945319e-05,1.55397740516853e-05,0,0.000179969405201116,4.90966221523959e-05,0,0.000920969320209521,2.76464571065218e-05,0.000134755755193711,0.00011887779362815,0,4.78163850812879e-05,0,0.000186811133943583,1.85384301657336e-05,2.01059584007721e-05,0,0,0,0.0003813882532418,7.11338739507754e-05,0,0,9.9618130499751e-05,0.000100160256410256,0,0,0,0,0,0,0,0.00180640094247006,5.29455366912569e-05,0,0,0,0,0.000140373041357407,0.000454968910457785,0.000109317494443027,4.31573950196366e-05,0,0,0,7.11490572749911e-05,0.000404967602591793,0.000988432666363904,0,0,"Bacteria","Firmicutes","Clostridia","Lachnospirales","Lachnospiraceae","Johnsonella"
"Kingella",0,1.52427406447679e-05,0,0,0,1.62373247383761e-05,1.67624922473473e-05,0,0,3.06536899379263e-05,1.77304964539007e-05,9.0255422846656e-05,0,2.56650454912931e-05,2.25443560204703e-05,4.51121035773898e-05,0,3.10612061066331e-05,0,0.000125336842764931,0.000330407847186371,3.7104374605766e-05,0,3.10795481033706e-05,2.13019768234492e-05,0,0,6.21607061456218e-05,8.63408737696426e-05,2.76464571065218e-05,0,0,2.0115058132518e-05,0,0,0,0.000185384301657336,1.0052979200386e-05,0,0,0,0,0,0,0,0,0,0,0,0,0,0,0,0,0,0,0,0,0,0,0,0,1.82195824071712e-05,2.15786975098183e-05,0,0,0,0,0,0,0,0,"Bacteria","Proteobacteria","Gammaproteobacteria","Burkholderiales","Neisseriaceae","Kingella"
"Kosakonia",0,0,0,0,0,0,0,0,0,0,0,0,0,0,0,0,4.69797869466662e-05,0,0,0,0,0,0,0,0,0,0,0,0,0,0,0,0,3.18775900541919e-05,0,0.135811694376985,0,0,0,0,0,0,0,1.87853399207259e-05,0,0,0,0,0,6.31189603044859e-06,0,0,0,0,0,0,0,0,0,0,0,0,0,0,0,0,0,0,0,0,0,0,"Bacteria","Proteobacteria","Gammaproteobacteria","Enterobacterales","Enterobacteriaceae","Kosakonia"
"Lachnoanaerobaculum",0.00451238370471772,9.14564438686076e-05,0.000374101488389493,0.000532623169107856,0.000148099391146948,4.87119742151283e-05,3.35249844946947e-05,0.000112663361874718,0.000111683488992196,0.0012874549773929,0.00888297872340425,0.000150425704744427,0.000773865457962523,0.000295148023149871,0.000450887120409406,5.63901294717373e-05,0.00318288056563663,0.00094736678625231,0.00595183591246223,0.000125336842764931,2.06504904491482e-05,0.00311676746688435,0.000569594034797017,0.00219110814128763,0.000681663258350375,0.00302948498755212,7.36449332285939e-05,0.000269363059964361,0.00142942113240853,0.000138232285532609,0.0012128017967434,0.00198129656046917,0.000140805406927626,0.000828817341408989,0,0.00186811133943583,0.000148307441325869,0.000201059584007721,0.000406173842404549,0.000131648235913639,0,0.0100591151792525,0.00234741784037559,0,0,0.00122862360949693,0,0,0,0,0,0.00335946248600224,6.87994496044032e-05,0,0.00219909679952877,0.000335321732377961,2.23954134193317e-05,0,8.36739560628057e-06,0.000491542576261385,0.000631678686108333,0.000324977793184132,0.0010749553620231,0.000582624832765094,0,6.88373373717905e-05,0,0.00526503023834934,0.000674946004319654,0.00146929180135175,0,0,"Bacteria","Firmicutes","Clostridia","Lachnospirales","Lachnospiraceae","Lachnoanaerobaculum"
"Lacticaseibacillus",0,0,0,0,0,0,0,0,0,0,0,0,0,0,0,0,0,0,0,0,0,0,0,0,0,0,0,0,0.000873002168115275,0,0,0,0,0,0,0,0,0,0,0,0,0,0,0,0,0,0,0,0,0,0,0,0,0,0,0,0,0,0,0,0,0,0,0,0,0,0,0,0,0,0,0,"Bacteria","Firmicutes","Bacilli","Lactobacillales","Lactobacillaceae","Lacticaseibacillus"
"Lactobacillus",0,0,0,0,0,0,0,1.87772269791197e-05,0,0,0,0,0,0,0,0,0,0,0,0.00106536316350191,0.000103252452245741,0,0,0,0.000106509884117246,0,0,2.07202353818739e-05,0.000182275177958134,0,0,0,0,0,0,0,0,0,0,0,0,0,0,0,0,0,5.00801282051282e-05,0,0,0,0,0,0,0,0,0,0,0,0,0,0,0,0,0,0,0,0,0,0,0,0,0,"Bacteria","Firmicutes","Bacilli","Lactobacillales","Lactobacillaceae","Lactobacillus"
"Lautropia",0.000405607524019571,0.000548738663211645,0,2.21926320461607e-05,0,0.000162373247383761,0,0.000225326723749437,0.000293169158604515,7.66342248448157e-05,0,0.00105297993321099,0.00011055220828036,7.69951364738794e-05,0.00123993958112587,0.000169170388415212,0,0.000465918091599497,0,0.000752021056589585,0.00022715539494063,0.000148417498423064,0.000957953603976802,0.000248636384826965,8.52079072937969e-05,0.000119979603467411,0.00012274155538099,0.000145041647673118,5.7560582513095e-05,2.76464571065218e-05,0,7.92518624187668e-05,8.0460232530072e-05,0,0,0.000747244535774332,0.000537614474806273,5.02648960019302e-05,0,0,0,0,0.000248968558827714,0,0,0,5.00801282051282e-05,0,0,0,0,0,0,0,0.000863930885529158,0.000141188097843352,0.00535250380722028,0,0,0,3.50932603393518e-05,0.000519964469094612,9.10979120358561e-05,0.000194208277588365,0,0,0,0,0,0,0,0,"Bacteria","Proteobacteria","Gammaproteobacteria","Burkholderiales","Burkholderiaceae","Lautropia"
"Lentimicrobium",0,0.000670680588369789,0,0.00215268530847759,0,9.74239484302566e-05,0.000117337445731431,0,0.00015356479736427,0,0,0,2.76380520700901e-05,2.56650454912931e-05,0.000338165340307054,3.38340776830424e-05,0,0,0,0,2.06504904491482e-05,0,0,0,6.39059304703477e-05,2.99949008668526e-05,0,2.07202353818739e-05,2.87802912565475e-05,0,0,0,0,0,0,0,0,0,0,0,0,0,0,0,0,0,0,0,0,0,0,0,0,0,0,3.52970244608379e-05,0,0,0,0,8.77331508483796e-05,0,0.000127537076850199,0,0,0,0,0,0,0,0,0,"Bacteria","Bacteroidota","Bacteroidia","Sphingobacteriales","Lentimicrobiaceae","Lentimicrobium"
"Leptotrichia",0.015565188734251,0.000670680588369789,0.0138150335355263,0.0528406569019086,0.000164554879052164,0.00305261705081471,0.000167624922473473,0.000600871263331831,0.00878111432201142,0.0145911564104529,0.00921985815602837,0.00382081290050844,0.00735172185064397,0.0132688285189986,0.0255202110151724,0.00107141245996301,0.0099362249392199,0.0215254158318968,0.182034612214999,0.00582816318856928,0.00138358286009293,0.0189603354235464,0.00372825186412593,0.0107690634178179,0.00502726653033402,0.00692882210024296,0.00677533385703064,0.0285524843562223,0.00209136783130912,0.00223936302562827,0.0080628860190904,0.0843636075447773,0.00170977994126403,0.003155881415365,0,0.00504390061647674,0.00359645545215231,0.0367737979150121,0.00926076360682372,0.000394944707740916,1.86167737131155e-05,0.0240274599542334,0.0266752027315408,1.87853399207259e-05,0,0.000365266478499087,0.00280448717948718,0,0,0,0,0,0.000343997248022016,1.30948327789854e-05,0.0109954839976438,0.00321202922593625,0.00107497984412792,0,6.69391648502445e-05,0,0.00115807759119861,0.00667287735338085,0.00670480632583901,0.00431573950196366,0,0.000137674674743581,0.000450653447498873,0.0383493418712202,0,0.000160286378329282,0,0,"Bacteria","Fusobacteriota","Fusobacteriia","Fusobacteriales","Leptotrichiaceae","Leptotrichia"
"Ligilactobacillus",0,9.14564438686076e-05,0,0,0,0,0.000586687228657157,0,0.00027920872248049,0,0,0,0,0,0,0,0,0,0,0.00100269474211945,0,0,0,0,0,0,0,0.00078736894451121,0,2.76464571065218e-05,0.000134755755193711,0,0,0,0,0,0,0,0,0,0,0,0,0,0,0,0,0,0,0,0,0,0,0,0,0,0,0,0,0,0,0,5.46587472215137e-05,0,0,0,0,0,0,0,0,0,"Bacteria","Firmicutes","Bacilli","Lactobacillales","Lactobacillaceae","Ligilactobacillus"
"Limosilactobacillus",0,0.000289612072250591,2.67215348849638e-05,0,3.29109758104328e-05,0,3.35249844946947e-05,0.000112663361874718,0.000656140497829152,1.53268449689631e-05,0,0,0,2.56650454912931e-05,0.00184863719367856,0,0,0,0,0.000877357899354515,8.26019617965927e-05,0,0,0,0.000170415814587594,0,0,0.000559446355310596,0.000105527734607341,2.76464571065218e-05,0.000179674340258282,0,0,0,0,0,0,0,0,0,0,0,0,0,0,0,0.000500801282051282,0,0,0,0,0,0,0,0,0,2.23954134193317e-05,0,0,0,0,0,0.000127537076850199,2.15786975098183e-05,0,0,0,0,0,0,0,0,"Bacteria","Firmicutes","Bacilli","Lactobacillales","Lactobacillaceae","Limosilactobacillus"
"Megasphaera",0.00889801505817933,0,0.00128263367447826,0.00230803373280071,3.29109758104328e-05,0.000138017260276197,0.010375982701108,0.00069475739822743,0.000195446105736343,0.00672848494137482,0.00347517730496454,0.00297842895393965,0.000690951301752253,0.00238684923069026,0.000315620984286584,0.00306762304326251,0.0168774884605898,0.00161518271754492,0.0110795714678143,0.000313342106912327,0.000495611770779556,0.0123186523691143,0.000466031483015741,0.00175599446784044,0.0228357191547376,0.00518911784996551,0.00807639434406913,0.0131780697028718,0.00127592624570694,0.00257112051090653,0.00303200449185851,0.0231019178950705,0.000321840930120288,9.56327701625757e-05,0,0.000560433401830749,0.000240999592154536,0.00386034401294824,0.000446791226645004,0,1.86167737131155e-05,0.00238367658276125,0.00195618153364632,0,0,6.6412086999834e-05,5.00801282051282e-05,1.03702167375298e-05,0,0,3.63609919278598e-05,0.000559910414333707,0,0,0.00051050461417632,0,0,0,3.76532802282626e-05,0,0,0.000389973351820959,0.00730605254527566,0.00371153597168875,0,0,0.000788643533123028,0.000498043400924938,0,0.000427430342211418,0,0,"Bacteria","Firmicutes","Negativicutes","Veillonellales-Selenomonadales","Veillonellaceae","Megasphaera"
"Mesorhizobium",0,0,0,0,0,1.62373247383761e-05,1.67624922473473e-05,0,2.7920872248049e-05,0,0,0,0,0,2.25443560204703e-05,0,1.17449467366665e-05,0,0,6.26684213824654e-05,0,0,0,0,0,0,0,0,0,0,0,0,0,3.18775900541919e-05,0,0,0,0,0,0,0,0,0,0,0,0,5.00801282051282e-05,0,0,0,0.000145443967711439,0.00503919372900336,0,0,3.92695857058708e-05,0,0.000111977067096659,0,0,0,0,0,0,0,5.57537912578055e-05,0,0,0,0,2.67143963882136e-05,0,0,"Bacteria","Proteobacteria","Alphaproteobacteria","Rhizobiales","Rhizobiaceae","Mesorhizobium"
"Methylibium",0,0,0,0,0,0,0,0,0,0,0,0,0,0,0,0,0,1.55306030533166e-05,0,0,0,0,0,0,0,0,0,0,0,0,0,0,4.0230116265036e-05,1.5938795027096e-05,4.84566555216359e-05,0,0,0,0.000121852152721365,0,0,9.534706331045e-05,0,0,2.11407551477739e-05,9.9618130499751e-05,0.000100160256410256,2.07404334750596e-05,0,0,0.000109082975783579,0.00223964165733483,0,0,0.000157078342823483,3.52970244608379e-05,0,2.74842309225082e-05,0,0,7.01865206787037e-05,0,0,0,0.000111507582515611,0.000114728895619651,5.63316809373592e-05,0.000142298114549982,0.000134989200863931,5.34287927764272e-05,0,0,"Bacteria","Proteobacteria","Gammaproteobacteria","Burkholderiales","Comamonadaceae","Methylibium"
"Methyloversatilis",0,0,0,0,0,0,0,0,4.18813083720735e-05,0,0,0,0.000193466364490631,0,0,0,0,0,0,0,0,0,0,0,0,0,0,0,9.59343041884917e-06,0,0,0,0,0,0,0,0,0,0,0,0,0,0,0,0,0,0,0,0,0,0,0,0,0,0,0,4.47908268386634e-05,0,0,0,0,0,0,0,0,0,0,0,0,0,0,0.290909090909091,"Bacteria","Proteobacteria","Gammaproteobacteria","Burkholderiales","Rhodocyclaceae","Methyloversatilis"
"Microbacterium",0.000177453291758562,3.04854812895359e-05,0,0,3.29109758104328e-05,0,0,1.87772269791197e-05,1.39604361240245e-05,0,0.000177304964539007,0,5.52761041401802e-05,1.28325227456466e-05,0,0,0,0,0,0,0,0.00582538681310527,0,0,0,0.000479918413869642,0,0,0,0,0,0,0,7.96939751354798e-05,0,0.00186811133943583,1.85384301657336e-05,0,0,6.58241179568194e-05,1.86167737131155e-05,9.534706331045e-05,3.55669369753877e-05,1.87853399207259e-05,0.000422815102955478,0,0.000100160256410256,0,1.46087769531935e-05,1.89356880913458e-05,0,0,0.000137598899208806,0.105413403870833,0.000785391714117416,0.0568458578941795,0,5.49684618450164e-05,0.991599134811294,5.78285383836924e-05,0.0517099191100349,0.000411638538033234,0,0,0.000390276538804639,0.000252403570363232,0,0.000142298114549982,0.000134989200863931,2.67143963882136e-05,0,0.0545454545454545,"Bacteria","Actinobacteriota","Actinobacteria","Micrococcales","Microbacteriaceae","Microbacterium"
"Mobiluncus",0,0,0,2.21926320461607e-05,0,0,0,1.87772269791197e-05,0,0,0,0,0,0,0,0,0,0,9.15667063455728e-05,0,0,3.7104374605766e-05,0,0,2.13019768234492e-05,0,0,0,0,0,0,0,0,0,0,0,0,1.0052979200386e-05,0,0,0,0,0,0,0,0.000132824173999668,0,0,0,0,0,0,0,0,0,0,0,0,0,0,0,0,3.64391648143425e-05,0,0,0,0,0,0,0,0,0,"Bacteria","Actinobacteriota","Actinobacteria","Actinomycetales","Actinomycetaceae","Mobiluncus"
"Mogibacterium",2.53504702512232e-05,0,0.000160329209309783,2.21926320461607e-05,9.87329274312983e-05,6.49492989535044e-05,5.0287476742042e-05,1.87772269791197e-05,0.000209406541860368,9.19610698137788e-05,0.000212765957446809,3.00851409488853e-05,2.76380520700901e-05,0.000128325227456466,0.000270532272245643,0,0.000199664094523331,0.000155306030533166,0,0.000250673685529861,0,0.000148417498423064,0,4.66193221550559e-05,4.26039536468984e-05,8.99847026005579e-05,0,4.14404707637479e-05,0.000306989773403174,0.000110585828426087,6.73778775968557e-05,7.92518624187668e-05,4.0230116265036e-05,0.000223143130379343,0,0,0,0,0.00016246953696182,0,0,4.7673531655225e-05,7.11338739507754e-05,0,0,0.000564502739498589,0,0,0,0,0,0,0,0,7.85391714117416e-05,1.7648512230419e-05,0,0,0,0.000202399884342923,0,0.000129991117273653,0.00014575665925737,8.63147900392732e-05,0,0,0,0,0,0.000187000774717495,1.52947294362363e-05,0,"Bacteria","Firmicutes","Clostridia","Peptostreptococcales-Tissierellales","Anaerovoracaceae","Mogibacterium"
"Moraxella",0,0.0139013794680284,0,2.21926320461607e-05,0,0.002719751893678,0,0,0,6.13073798758525e-05,0,0,8.29141562102703e-05,0,4.50887120409406e-05,0,0,0,0,0,0,0,0,0,0,5.99898017337053e-05,0,0,0,0,2.24592925322852e-05,0,0,0,0,0,0,1.0052979200386e-05,0,0,0,0,0.000142267747901551,0,0,0,0,0,0,0,0,0,0,0,0.0124091890830552,0.00324732625039709,0,0,0,0,0.00047375901458125,0,0.00134824909813067,0,0,0,0,0,0,8.01431891646408e-05,0,0,"Bacteria","Proteobacteria","Gammaproteobacteria","Pseudomonadales","Moraxellaceae","Moraxella"
"Moryella",0,0,0,0,0,0,0,0,0,0,0,0,0,0,0,0,0,0,0,0,0,0,0,0,0,0,0,0,0,0,0,0,0,0,0,0,0,0,0,0,0,0,0,0,0,0,0,0,0,0,0,0,0,0,0,0,0,0,0,0,0,0,0,0,0,0,0,0,0,0,0,0,"Bacteria","Firmicutes","Clostridia","Lachnospirales","Lachnospiraceae","Moryella"
"Murdochiella",0,3.04854812895359e-05,0,0,0,0,0,0,0,0,0,0,0,0,0,0,0,0,0,0.00125336842764931,0,7.4208749211532e-05,0,0,0,0,0,4.14404707637479e-05,0,0,0,0,0,0,0,0,0,0,0,0,0,0,0,0,0,0,0,0,0,0,0,0,0,0,0,0,0,0,0,0,0,0,7.28783296286849e-05,0,0,0,0,0,0,5.34287927764272e-05,0,0,"Bacteria","Firmicutes","Clostridia","Peptostreptococcales-Tissierellales","Family XI","Murdochiella"
"Mycobacterium",0,0,0,0,0,0,0,0,0,0,0,0,0,0,0,0,0,0,0,6.26684213824654e-05,0,3.7104374605766e-05,2.5890637945319e-05,0,0,0,0,2.07202353818739e-05,0,0,2.24592925322852e-05,0,0.967856137104236,0.547688874721071,0.95260939089984,0,0,0,0.264134849715678,0.248222748815166,0.0234385181048124,0.721872616323417,0.117513159766681,0.997689403189751,0.992917847025496,0.889689523493276,0.97440905448718,0.998952608109509,0.999006603167183,0.0422897034040055,0.997491091556978,0.93057110862262,0.952390780873753,0.0155959458397716,0.41531513842529,0.104814514136458,0,0.996413307864613,0.00403726838003037,0.603932340610091,0.155621062974856,0,0,4.31573950196366e-05,0.991636931311329,0.976824763084831,0.895110410094637,0.923372465314835,0.8914686825054,0.895893997275132,0.00126946254320761,0,"Bacteria","Actinobacteriota","Actinobacteria","Corynebacteriales","Mycobacteriaceae","Mycobacterium"
"Mycoplasma",0,3.04854812895359e-05,0,0,0,1.62373247383761e-05,0.000519637259667767,0,8.37626167441471e-05,0,0,0,0,7.69951364738794e-05,6.76330680614108e-05,0,5.87247336833327e-05,9.31836183198994e-05,0,0,0,7.4208749211532e-05,0,6.21590962067412e-05,6.39059304703477e-05,5.99898017337053e-05,0,0.000145041647673118,9.59343041884917e-06,5.52929142130436e-05,0,0,0,0,0,0,0,1.0052979200386e-05,0,0,0,0,0,0,0,0,0,0,0,0,0,0,0,0,0,8.82425611520949e-05,0,0,0,0,1.75466301696759e-05,8.6660744849102e-05,7.28783296286849e-05,6.47360925294549e-05,0,0,0,0,0,0,0,0,"Bacteria","Firmicutes","Bacilli","Mycoplasmatales","Mycoplasmataceae","Mycoplasma"
"Neisseria",0.0269475498770502,0.39376571907629,0.00141624134890308,0.0170217487794052,0.000263287806483462,0.173073644386351,0.000100574953484084,0.0892857142857143,0.00139604361240245,0.00803126676373669,0.00115248226950355,0.0658864586780589,0.112929080758388,0.105188188946065,0.0354171833081588,0.0733522804168358,5.87247336833327e-05,0.0602587398468683,0.00109880047614687,0.0313342106912327,0.108311822405782,0.0127268004897777,0.297975352112676,0.0104427281627325,0.00617757327880027,0.00536908725516662,0.150579340141398,0.00215490447971489,0.00214892841382221,0.0187995908324348,0.00211117349803481,0.0066967823743858,0.00185058534819166,0,9.69133110432718e-05,0.00280216700915375,0.246987505098068,0.0155519588229972,4.06173842404549e-05,0,0,0,0.125657988334045,0,0,9.9618130499751e-05,0.000250400641025641,4.14808669501193e-05,0,0,0,0.00615901455767077,0,0,0.0338111132927548,0.0159719035685292,0.25067186240258,0,0,0.000115657076767385,0.00442175080275833,0.0857291418419741,0.0851765477535255,0.0622761210133356,0,0,5.63316809373592e-05,0.000142298114549982,0.000269978401727862,0,0,0,"Bacteria","Proteobacteria","Gammaproteobacteria","Burkholderiales","Neisseriaceae","Neisseria"
"Odoribacter",0,1.52427406447679e-05,0,0,0,0,0,0,0,0,0,0,0,0,0.000270532272245643,0,0.000234898934733331,0,0,0,0,0,0,0,0,0,0,6.21607061456218e-05,0,0,0,0,0,0,0,0,0,0,0,0,0,0,0,0,0,0,0,0,0,0,0,0,0,0,0,0,0,0,0,0,0,0,0,0,0,0,0,0,0,0,0,0,"Bacteria","Bacteroidota","Bacteroidia","Bacteroidales","Marinifilaceae","Odoribacter"
"Olsenella",0,1.52427406447679e-05,2.67215348849638e-05,0,3.29109758104328e-05,8.11866236918805e-06,0,1.87772269791197e-05,0.00145188535689855,0,0,0,0,2.56650454912931e-05,0,0,3.52348402099996e-05,4.65918091599497e-05,0,0.000438678949677258,2.06504904491482e-05,7.4208749211532e-05,0,0,0,2.99949008668526e-05,0,6.21607061456218e-05,0.0023599838830369,2.76464571065218e-05,6.73778775968557e-05,0,0,0,4.84566555216359e-05,0.0011208668036615,0,0,0,0,0,0,0,0,2.11407551477739e-05,6.6412086999834e-05,0,0,0,0,0,0,0,0,0,0,0,0,0,8.67428075755385e-05,0,2.16651862122755e-05,7.28783296286849e-05,2.15786975098183e-05,0,0,0,0,0,0,0,0,"Bacteria","Actinobacteriota","Coriobacteriia","Coriobacteriales","Atopobiaceae","Olsenella"
"Oribacterium",0.0168327122468122,0.000259126590961055,0.00259198888384149,0.0025965379494008,0.000510120125061708,0.000365339806613462,0.00162596174799269,0.000769866306143909,0.000670100933953177,0.00705034868572304,0.0224113475177305,0.00153434218839315,0.00179647338455586,0.00257933707187496,0.00200644768582185,0.000281950647358686,0.0218456009301998,0.00764105670223175,0.0203278088087172,0.00213072632700382,6.19514713474445e-05,0.0244888872398056,0.00256317315658658,0.00439775605662694,0.00185327198364008,0.019736644770389,0.00311763550667714,0.00111889271062119,0.00420192252345594,0.00113350474136739,0.00772599663110612,0.0155333650340783,0.000160920465060144,0.00074912336627351,7.26849832824538e-05,0.00317578927704091,0.000481999184309073,0.0020910196736803,0.00970755483346872,0,0,0.00786613272311213,0.00558400910513587,0,0,0.0033206043499917,0,0,0,0,0,0,6.87994496044032e-05,0,0.00561555075593952,0.000705940489216759,4.47908268386634e-05,0,4.18369780314028e-05,0.00153245626716785,0.00085978487831412,0.00194986675910479,0.0063950734249171,0.00140261533813819,0,0.000344186686858952,0.000112663361874718,0.00704375667022412,0.000404967602591793,0.00144257740496353,3.05894588724725e-05,0,"Bacteria","Firmicutes","Clostridia","Lachnospirales","Lachnospiraceae","Oribacterium"
"Paenibacillus",0,0,0,0,0,0,0,0,0,0,0,0,0,0,0,0,0,0,0,0,0,0,0,0,0,0,0,0,0,0,0,0,0,0,0,0,0,0,0,0,0,0,0,0,0,0,0,0,0,0,0,0,0,0,0,0,0,0,0,0,0,0,0,0,0,0,0,0,0.000134989200863931,0,0.147624728518553,0,"Bacteria","Firmicutes","Bacilli","Paenibacillales","Paenibacillaceae","Paenibacillus"
"Parascardovia",0,0,0,0,0,0,0,0,0.000767823986821348,0,1.77304964539007e-05,0,0,1.28325227456466e-05,0,0,0,0,0,0.000250673685529861,0,0,0,0,0,0,0,2.07202353818739e-05,0,0,0,0,0,0,0,0,0,0,0,0,0,0,0,0,0,0,0,0,0,0,0,0,0,0,0,0,0,0,0,0,0,0,0,0,0,0,0,0,0,0,0,0,"Bacteria","Actinobacteriota","Actinobacteria","Bifidobacteriales","Bifidobacteriaceae","Parascardovia"
"Parvimonas",0.000380257053768347,6.09709625790717e-05,0.000828367581433878,0.000133155792276964,0.000115188415336515,0.000714442288488549,0.00142481184102452,0.000187772269791197,0.00731526852898885,4.59805349068894e-05,0.00117021276595745,0.00261740726255302,0.000856779614172793,0.000692956228264915,0.000743963748675519,0,0.000152684307576665,4.65918091599497e-05,9.15667063455728e-05,0.00689352635207119,0,0.000111313123817298,0,0.000512812543705615,0.000170415814587594,0.025855604547227,0.000171838177533386,0.000828809415274958,0.00611101517680692,0.00375991816648696,0.00655811341942729,0.000713266761768902,0.000181035523192662,0.00015938795027096,0,0.0240986362787222,0.000278076452486004,7.03708544027022e-05,0,0,0,0.0032418001525553,0.000497937117655428,0,0,0.00109579943549726,0,0,0,1.26237920608972e-05,0,0,0.000206398348813209,0.00017023282612681,0.000903200471235028,7.05940489216759e-05,2.23954134193317e-05,0,0,0.00722856729796154,0.000350932603393518,0.00615291288428624,0.000692344131472507,0.00112209227051055,0,0,0,0,0.000809935205183585,0.00168300697245746,0,0,"Bacteria","Firmicutes","Clostridia","Peptostreptococcales-Tissierellales","Family XI","Parvimonas"
"Pelospora",0,0,0,0,0,0,0,0,0,0,0,0,0,0,0,0,0,0,0,0,0,0,0,0,0,0,0,0,0.00011512116502619,0,0,0,0,0,0,0,0,0,0,0,0,0,0,0,0,0,0,0,0,0,0,0,0,0,0,0,0,0,0,0,0,0,0,0,0,0,0,0,0,0,0,0,"Bacteria","Firmicutes","Syntrophomonadia","Syntrophomonadales","Syntrophomonadaceae","Pelospora"
"Peptoanaerobacter",0,0,0,0,0,0,0,0,1.39604361240245e-05,0,0,0,0,2.56650454912931e-05,6.76330680614108e-05,0,0,0,0,0,0,7.4208749211532e-05,0,0,0,0,0,0,0.000105527734607341,0,0,0,0,0,0,0,0,0,0,0,0,0,3.55669369753877e-05,0,0,0,0,0,0,0,0,0,0,0,0.000314156685646966,0,0,0,0,0,0,2.16651862122755e-05,1.82195824071712e-05,0,0,0,0,0,0,0,0,0,"Bacteria","Firmicutes","Clostridia","Peptostreptococcales-Tissierellales","Peptostreptococcaceae","Peptoanaerobacter"
"Peptococcus",0,1.52427406447679e-05,0,8.87705281846427e-05,0,1.62373247383761e-05,0,0,1.39604361240245e-05,4.59805349068894e-05,0.000478723404255319,6.01702818977707e-05,0.000165828312420541,1.28325227456466e-05,0.000112721780102351,0,8.22146271566658e-05,0.000108714221373216,0,0,0,3.7104374605766e-05,0,3.10795481033706e-05,0.000127811860940695,0.000179969405201116,4.90966221523959e-05,4.14404707637479e-05,0.000105527734607341,2.76464571065218e-05,0,0.000475511174512601,0,0,0,0,0,1.0052979200386e-05,0,0,0,0,0.000782472613458529,0,0,0,0,0,0,0,0,0,0,0,0.000667582956999804,0.000194133634534609,0,0,0,0,0,4.3330372424551e-05,3.64391648143425e-05,2.15786975098183e-05,0,0,0,0,0,0,0,0,"Bacteria","Firmicutes","Clostridia","Peptococcales","Peptococcaceae","Peptococcus"
"Peptostreptococcus",7.60514107536695e-05,0.000335340294184894,0.000240493813964674,0.000865512649800266,0,0.000227322546337265,0.000284962368204905,0.000356767312603275,2.7920872248049e-05,7.66342248448157e-05,0.00104609929078014,0.000240681127591083,0.000856779614172793,0.00329795834563117,0.0008341411727574,0,0.000481542816203329,0.0182795197937536,0.00109880047614687,0.00125336842764931,0,0.000890504990538384,0,0.00026417615887865,8.52079072937969e-05,0.00359938810402232,7.36449332285939e-05,0.000165761883054992,0.0115600836547133,0.000248818113958696,0.000539023020774846,0.000356633380884451,0,0.00111571565189672,0,0.00205492247337941,3.70768603314671e-05,0.000251324480009651,0.00146222583265638,0.000658241179568194,0,0.00147787948131198,0.0138355384834258,0,0,0.00159389008799602,0.000150240384615385,2.07404334750596e-05,0,0,0,0,0.000137598899208806,0,0.0063224032986452,0.000441212805760474,2.23954134193317e-05,0,0,0.00135897065201677,0.000543945535259953,0.000346642979396408,0.000583026637029479,0.000517888740235639,0,2.29457791239302e-05,0,0,0.00296976241900648,0.00323244196297385,0,0,"Bacteria","Firmicutes","Clostridia","Peptostreptococcales-Tissierellales","Peptostreptococcaceae","Peptostreptococcus"
"Phocaeicola",2.53504702512232e-05,0,0,0,0,0,0,0,2.7920872248049e-05,0,0,0,0,1.28325227456466e-05,0,0,0,0,0,0,0,3.7104374605766e-05,0,3.10795481033706e-05,0,0,0,0,1.91868608376983e-05,0,0,0,0,0,0,0,0,0,0,0,0,0,0,0,0,0,0,0,0,0,0,0,0,0,0,1.7648512230419e-05,0,0,0,0,0,0,1.82195824071712e-05,0,0,0,0,0,0,0,0,0,"Bacteria","Bacteroidota","Bacteroidia","Bacteroidales","Bacteroidales Incertae Sedis","Phocaeicola"
"Porphyromonas",0.038735518543869,0.0745217590122704,0.00221788739545199,0.00765645805592543,0.000115188415336515,0.0439706753915225,0,0.0120362024936157,0.0020521841102316,0.00746417349988505,0.0145567375886525,0.0559282770239779,0.0787960864518269,0.0097270522412001,0.0279550014653831,0.0222289890377588,0.029902634391553,0.00394477317554241,0.000366266825382291,0.0133483737544651,0.0067320598864223,0.00300545434306705,0.0317419221209611,0.00477071063386738,0.005453306066803,0.0351840187168181,0.00932835820895522,0.0142348017073474,0.00283006197356051,0.0131320671255979,0.00110050533408198,0.00392296718972896,0,1.5938795027096e-05,0,0.00410984494675883,0.0310889473879352,0.0130387140229007,0,0,0,0,0.0426091904965144,0,0,0,0,2.07404334750596e-05,1.46087769531935e-05,6.31189603044859e-06,0,0,0,0,0.0156292951109366,0.0109067805583989,0.032204604496999,0,0,8.67428075755385e-05,0.00303556701935393,0.0315878414974977,0.0216084247349051,0.0717491692201459,0,0,0,0,0,2.67143963882136e-05,0,0,"Bacteria","Bacteroidota","Bacteroidia","Bacteroidales","Porphyromonadaceae","Porphyromonas"
"Prevotella",0.0165538570740487,0.0164164316744151,0.00935253720973733,0.0148690634709277,6.58219516208656e-05,0.00448962029016099,0.0340613842466098,0.0120925341745531,0.00305733551116137,0.0155720744884665,0.0156737588652482,0.0111916724329853,0.0129069703167321,0.0270894555160599,0.0169984444394346,0.00816529074750756,0.032686186768143,0.0637375949308112,0.0225254097610109,0.00564015792442188,0.0084047496128033,0.0307966309227858,0.0054629246064623,0.0123385805970381,0.0381518404907975,0.00980833258346081,0.0103593872741555,0.0443413037172102,0.00342485465952915,0.0245224074534848,0.00610892756878158,0.0128784276430496,0.000181035523192662,7.96939751354798e-05,0,0.00803287875957407,0.00261391865336843,0.0132498265861088,0,6.58241179568194e-05,0,0,0.00348555982358799,0,0,0,0.000400641025641026,0,0,0,0,0,0,0,0.00911054388376203,0.00460626169213935,0.00138851563199857,0,0,8.67428075755385e-05,0.00114053096102893,0.00613124769807397,0.0262908574135481,0.0213197531397005,0,0,0,0,0,2.67143963882136e-05,0,0,"Bacteria","Bacteroidota","Bacteroidia","Bacteroidales","Prevotellaceae","Prevotella"
"Prevotella_7",0.179836235962177,0.0144653608718848,0.101541832562862,0.211961828672881,0.000855685371071252,0.00957190293327271,0.237641852590643,0.121000450653447,0.00235931370496014,0.212031573300636,0.0733156028368794,0.114473961310509,0.0478138300812559,0.154465076289348,0.0288342313501815,0.281995759462264,0.225174118835371,0.188137725387877,0.163904404358575,0.0104029579494893,0.0936499741868869,0.251456346703276,0.104753521126761,0.0616307438889839,0.275711486025903,0.142145835208015,0.177803417124902,0.213687787493266,0.00611101517680692,0.0846534516601697,0.0455474452554745,0.286218101125376,0.00181035523192662,4.78163850812879e-05,2.42283277608179e-05,0.0474500280216701,0.0387267806162174,0.0932313291043801,0,0,0,0,0.028809218950064,0,0,0,0.00165264423076923,6.22213004251789e-05,0,0,0.000109082975783579,0.000559910414333707,0,0,0.0129196936972315,0.00457096466767851,0.00709934605392816,0,1.25510934094209e-05,5.78285383836924e-05,0.00136863715323472,0.0274931213033776,0.178169296359727,0.12947218505891,0,0,0,0,0,5.34287927764272e-05,1.52947294362363e-05,0,"Bacteria","Bacteroidota","Bacteroidia","Bacteroidales","Prevotellaceae","Prevotella_7"
"Prevotellaceae UCG-004",0,0,0,0,0,0,0,0,0,0,0,0,0,0,0,0,3.52348402099996e-05,1.55306030533166e-05,0,0,0,7.4208749211532e-05,0,0,0,0,0,0,0,0,0,0,0,0,0,0,0,0,0,0,0,0,0,0,0,0,0,0,0,0,0,0,0,0,0,0,0,0,0,0,0,0,0,0,0,0,0,0,0,0,0,0,"Bacteria","Bacteroidota","Bacteroidia","Bacteroidales","Prevotellaceae","Prevotellaceae UCG-004"
"Propionibacterium",0,0,8.01646046548914e-05,0,0,0,0,0,9.77230528681716e-05,0,0,0,0,1.28325227456466e-05,0,0,1.17449467366665e-05,7.76530152665828e-05,0.000274700119036718,0,6.19514713474445e-05,0.000593669993692256,0,1.55397740516853e-05,0,0,0,0.000186482118436865,0.00011512116502619,0,2.24592925322852e-05,0,0,0,0,0.00130767793760508,5.56152904972007e-05,0,0,0,0,0,0,0,0,6.6412086999834e-05,5.00801282051282e-05,0,0,0,0,0,0,0,0,0,0,0,0,0,0,2.16651862122755e-05,9.10979120358561e-05,8.63147900392732e-05,5.57537912578055e-05,0,0,0,0,0,0,0,"Bacteria","Actinobacteriota","Actinobacteria","Propionibacteriales","Propionibacteriaceae","Propionibacterium"
"Propionivibrio",0,0,0,2.21926320461607e-05,0,0,0,0,0,0,0,0,0,0,0,0,0,3.10612061066331e-05,0,0,0,0,0,0,0,0,0,0,0,0,0,0,0,0,0,0,0,0,0,0,0,0,0,0,0,0,0,0,0,0,0,0,0,0,3.92695857058708e-05,0,0,0,0,0,0,0,0,0,0,0,0,0,0,0,0,0,"Bacteria","Proteobacteria","Gammaproteobacteria","Burkholderiales","Rhodocyclaceae","Propionivibrio"
"Providencia",0,0,0,0,0,0,0,0,0,0,0,0,0,0,0,0,0,0,0,0,0,0,0,0,0,0,0,0,0,0,0,0,0,0,0,0.28208481225481,0,0,0,0,0,0,0,0,0,0,0,0,0,0,0,0,0,0,0,0,0,0,0,0,0,0,0,0,0,0,0,0,0,0,0,0,"Bacteria","Proteobacteria","Gammaproteobacteria","Enterobacterales","Morganellaceae","Providencia"
"Pseudomonas",0,0,0,0,0,0,0,0,0,0,0,0,0,0,0,0,0,0,0,0,0,0,0,0,0,0,0,0,0,0,0,0,0,0,2.42283277608179e-05,0,0,0,0.000243704305442729,0.000592417061611374,0,0,0,1.87853399207259e-05,0,0,5.00801282051282e-05,4.14808669501193e-05,0,6.31189603044859e-06,0,0.000559910414333707,0,0,0,0,0,2.74842309225082e-05,0,0,0,0.0104426197543168,0,0,0,0,0,7.11490572749911e-05,0,0,0,0,"Bacteria","Proteobacteria","Gammaproteobacteria","Pseudomonadales","Pseudomonadaceae","Pseudomonas"
"Pseudopropionibacterium",0.000177453291758562,7.62137032238396e-05,8.01646046548914e-05,2.21926320461607e-05,0.000115188415336515,0.000202966559229701,3.35249844946947e-05,0.000394321766561514,0.00161941059038684,3.06536899379263e-05,0,0.000150425704744427,2.76380520700901e-05,0.000192487841184699,0.000180354848163762,0,5.87247336833327e-05,6.21224122132662e-05,0.000274700119036718,0.00131603684903177,0.000103252452245741,0.000259730622240362,5.17812758906379e-05,0.00753679041506736,2.13019768234492e-05,0.000149974504334263,2.4548311076198e-05,8.28809415274958e-05,0.00369347071125693,0,0.000359348680516564,7.92518624187668e-05,0,0,0.00012114163880409,0.00616476742013824,0.000185384301657336,2.01059584007721e-05,0,0,0,0,3.55669369753877e-05,0,0,0.000132824173999668,0,0,0,0,0,0,0,0,7.85391714117416e-05,3.52970244608379e-05,0.000111977067096659,0,0,0.00127222784444123,7.01865206787037e-05,0,7.28783296286849e-05,8.63147900392732e-05,0,0,0,0,0,0,0,0,"Bacteria","Actinobacteriota","Actinobacteria","Propionibacteriales","Propionibacteriaceae","Pseudopropionibacterium"
"Pseudoramibacter",0,0,0,0,0,8.11866236918805e-06,0,0,2.7920872248049e-05,0,0,0,0,0,0,0,1.17449467366665e-05,0,0,0,0,0,0,0,0,0,0,0,8.63408737696426e-05,2.76464571065218e-05,2.24592925322852e-05,0,0,0,0,0,0,0,0,0,0,0,0,0,0,0,0,0,0,0,0,0,0,0,0,0,0,0,0,0,0,0,0,0,0,0,0,0,0,0,0,0,"Bacteria","Firmicutes","Clostridia","Eubacteriales","Eubacteriaceae","Pseudoramibacter"
"Pyramidobacter",2.53504702512232e-05,0,0,0,0,0,0,0,2.7920872248049e-05,0,0,0,0,2.56650454912931e-05,0,0,0,0,0,6.26684213824654e-05,0,0,0,0,0,0,0,0,0,0,0,0,0,0,0,0,0,0,0,0,0,0,0,0,0,0,0,0,0,0,0,0,0,0,0,1.7648512230419e-05,0,0,0,0,0,0,0,0,0,0,0,0,0,0,0,0,"Bacteria","Synergistota","Synergistia","Synergistales","Synergistaceae","Pyramidobacter"
"Ralstonia",0,0,0,0,0,0.000146135922645385,0,0,0,0,0,0,0,0,0,0,0,0,0,0,0,0,0,0,0,0,0,0,5.7560582513095e-05,2.76464571065218e-05,0,0,0.000221265639457698,0,0.000266511605368997,0,0,0,0.000934199837530463,0,0,0,0,0,0.000105703775738869,0.000132824173999668,0.000350560897435897,0,8.76526617191609e-05,6.31189603044859e-06,0.000290887935422878,0.00279955207166853,0.000137598899208806,0,0.000157078342823483,0,8.95816536773269e-05,4.12263463837623e-05,0,2.89142691918462e-05,0.000140373041357407,0,3.64391648143425e-05,0,0.000334522747546833,0.000183566232991441,0.000168995042812078,0.000142298114549982,0.000809935205183585,8.01431891646408e-05,0,0,"Bacteria","Proteobacteria","Gammaproteobacteria","Burkholderiales","Burkholderiaceae","Ralstonia"
"Reyranella",0,0,0,0,0,0,0,0,0,0,0,0,0,0,0,0,0,0,0,0,0,0,0,0,0,0,0,0,0,0,0,0,2.0115058132518e-05,0,4.84566555216359e-05,0,0,0,0,0,0,0,0,0,0,3.3206043499917e-05,0,0,0,0,0,0,0,0,3.92695857058708e-05,0,0,0,0,5.78285383836924e-05,1.75466301696759e-05,0,0,0,0,2.29457791239302e-05,0,0.000142298114549982,0,0,0,0.0181818181818182,"Bacteria","Proteobacteria","Alphaproteobacteria","Reyranellales","Reyranellaceae","Reyranella"
"Rikenellaceae RC9 gut group",0,0.000152427406447679,0,0,0,1.62373247383761e-05,0,0,1.39604361240245e-05,0,0,0,0,0,2.25443560204703e-05,0,2.34898934733331e-05,0,0,0,0,0.000111313123817298,0,1.55397740516853e-05,0,2.99949008668526e-05,0,8.28809415274958e-05,9.59343041884917e-06,0,0,0,0,0,0,0,0,0,0,0,0,0,0,0,0,0,0,0,0,0,0,0,0,0,3.92695857058708e-05,0,0,0,0,0,0,0,3.64391648143425e-05,6.47360925294549e-05,0,0,0,0,0,0,0,0,"Bacteria","Bacteroidota","Bacteroidia","Bacteroidales","Rikenellaceae","Rikenellaceae RC9 gut group"
"Roseburia",2.53504702512232e-05,1.52427406447679e-05,0.000106886139539855,0,0,3.24746494767522e-05,0,0,0,0,0,0,0,0,0,0,0,0,0,0,0,0,0,0,0,0,0,0.00010360117690937,0.000153494886701587,0,0,0,0,0,0,0,0,0,0,0,0,0,0,0,0,0,0,0,0,0,0,0,0,0,0,1.7648512230419e-05,0,0,0,0,0,0,3.64391648143425e-05,0,0,0,0,0,0,0,0,0,"Bacteria","Firmicutes","Clostridia","Lachnospirales","Lachnospiraceae","Roseburia"
"Rothia",0.00844170659365731,0.0412925844066763,0.0143494642332256,0.00525965379494008,0.00937962810597334,0.0141914218213407,0.00182711165496086,0.0103086976115367,0.000195446105736343,0.0123840907349222,0.000638297872340425,0.0259634766388881,0.0139572162953955,0.0325047801147228,0.0350790179678517,0.0126201109757748,0.00409898641109663,0.0632250850300517,0.00448676861093306,0.0464999686657893,0.108002065049045,0.0106118511372491,0.0254504971002486,0.0078165063479977,0.0066675187457396,0.00509913314736495,0.0117340926944226,0.014628486179603,0.00247510504806309,0.0123303198695087,0.0047164514317799,0.000594388968140751,0.00134770889487871,0.00211985973860376,0.00450646896351214,0.0011208668036615,0.0273627229246227,0.00504659555859379,0.029285134037368,0.00144813059505003,0.000484036116541003,0.00810450038138825,0.00423246550007113,0,0,0.00637556035198406,0.000951522435897436,0,0,3.15594801522429e-05,0,0,0.00199518403852769,0.000576172642275358,0.00251325348517573,0.000335321732377961,0.0137955746663083,0,0.000125510934094209,0.0173774757842996,0.00193012931866435,0.00782113222263145,0.0198775644062238,0.0156445556946183,0,0.00151442142217939,0.000225326723749437,0,0.00161987041036717,0.00160286378329282,0.000520020800832033,0,"Bacteria","Actinobacteriota","Actinobacteria","Micrococcales","Micrococcaceae","Rothia"
"Selenomonas",0.00202803762009785,0.000182912887737215,0.000721481441894022,0.000443852640923213,0.000115188415336515,6.49492989535044e-05,0.000402299813936336,3.75544539582394e-05,0.00684061370077201,0.00105755230285846,0.00180851063829787,9.0255422846656e-05,0.000580399093471892,0.000384975682369397,0.000924318596839281,0.000101502233049127,0.00299496141784997,0.00406901799996894,0.00650123615053567,0.00839756846525036,0.000103252452245741,0.00727245742273014,0.000129453189726595,0.000341875029137076,0.00215149965916837,0.00101982662947299,0.00110467399842891,0.00126393435829431,0.00652353268481744,0.000359403942384783,0.00148231330713083,0.00253605959740054,0,3.18775900541919e-05,0,0.0011208668036615,1.85384301657336e-05,0.00058307279362239,0,0,0,4.7673531655225e-05,0.0025963863992033,0,2.11407551477739e-05,3.3206043499917e-05,0.000150240384615385,0,0,0,0,0,0,0,0.00329864519929315,0.000458861317990893,6.71862402579952e-05,0,0,0,0.000245652822375463,0.000194986675910479,0.00355281856939839,0.000345259160157093,0,0,0,0,0,0,0,0,"Bacteria","Firmicutes","Negativicutes","Veillonellales-Selenomonadales","Selenomonadaceae","Selenomonas"
"Shuttleworthia",0,9.14564438686076e-05,0.000133607674424819,0,0,0,0,1.87772269791197e-05,0.000209406541860368,0,0,0,5.52761041401802e-05,1.28325227456466e-05,9.01774240818811e-05,0,0.00068120691072666,0.000139775427479849,0.000915667063455728,0.000438678949677258,2.06504904491482e-05,0.000333939371451894,0.000284797017398509,3.10795481033706e-05,2.13019768234492e-05,0.000329943909535379,0,6.21607061456218e-05,0.00168844375371745,0,0.000179674340258282,0.00011887779362815,0,1.5938795027096e-05,0,0.0011208668036615,0,3.01589376011581e-05,0,0,0,0,0,0,0,0.000265648347999336,0,0,0,0,0,0,0,0,0,0,0,0,0,0.000144571345959231,5.26398905090277e-05,0.000108325931061377,0.000236854571293226,2.15786975098183e-05,0,0,0,0,0,5.34287927764272e-05,0,0,"Bacteria","Firmicutes","Clostridia","Lachnospirales","Lachnospiraceae","Shuttleworthia"
"Slackia",0,0,2.67215348849638e-05,0,0,8.11866236918805e-06,1.67624922473473e-05,1.87772269791197e-05,2.7920872248049e-05,0,0,0,0,0,0,0,1.17449467366665e-05,3.10612061066331e-05,0,6.26684213824654e-05,0,0,0,1.55397740516853e-05,0,8.99847026005579e-05,0,0,0.000470078090523609,0,0,0,0,0,2.42283277608179e-05,0.000186811133943583,0,0,0,0,0,9.534706331045e-05,3.55669369753877e-05,0,0,0.000132824173999668,0,0,0,0,0,0,0,0,7.85391714117416e-05,5.29455366912569e-05,0,0,0,2.89142691918462e-05,0,0,1.82195824071712e-05,0,0,0,0,0,0,5.34287927764272e-05,0,0,"Bacteria","Actinobacteriota","Coriobacteriia","Coriobacteriales","Eggerthellaceae","Slackia"
"Sphaerimonospora",0,0,0,0,0,0,0,0,0,0,0,0,0,0,0,0,0,0,0,0,0,0,0,0,0,0,0,0,0,0,0,0,0,0,4.84566555216359e-05,0,0,0,0,0,1.86167737131155e-05,0,0,1.87853399207259e-05,0,0,0,0,0,0.0517070522814348,0,0,0,0.138176675483854,0,0,0,0,4.18369780314028e-06,0,0,0,0,0,0,6.88373373717905e-05,0,0,0,0,0,0,"Bacteria","Actinobacteriota","Actinobacteria","Streptosporangiales","Streptosporangiaceae","Sphaerimonospora"
"Sphingobium",0.00167313103658073,0,0.000133607674424819,0,0.0503208820141517,8.11866236918805e-06,0,1.87772269791197e-05,0,0.000934937543106751,1.77304964539007e-05,0,2.76380520700901e-05,1.28325227456466e-05,0,0,0,1.55306030533166e-05,0,0,0,0,0,0,0,0.00662887309157443,0,0,0.00110324449816765,0.00469989770810871,0.00269511510387423,3.96259312093834e-05,4.0230116265036e-05,0,0,0,0,0,0,6.58241179568194e-05,0,0,0,0,0,0,0,0,0,0,0.000109082975783579,0,0,0,0,0,0.000335931201289976,0,0,0,0,0.0134324154516108,0.0078526400174908,0,0,0,0,0.000213447171824973,0,0,0,0.00909090909090909,"Bacteria","Proteobacteria","Alphaproteobacteria","Sphingomonadales","Sphingomonadaceae","Sphingobium"
"Sphingomonas",0.0101908890409917,7.62137032238396e-05,2.67215348849638e-05,0,0.00641764028303439,7.30679613226925e-05,6.70499689893893e-05,0,5.58417444960981e-05,4.59805349068894e-05,0,0,0,5.13300909825863e-05,0,0,0,0,0,6.26684213824654e-05,0,0,0,0,0,0.000509913314736495,0,0,0.000786661294345632,0.000165878742639131,0,0,0,0,0,0.0100878012329535,0,0,0,0,0,0,0,0,2.11407551477739e-05,0,0,0,1.46087769531935e-05,0,0.000109082975783579,0,0,0,0,0,0,0,0,0,0,0.032476114132201,1.82195824071712e-05,0,0,0,0,7.11490572749911e-05,0,0,0,0.409090909090909,"Bacteria","Proteobacteria","Alphaproteobacteria","Sphingomonadales","Sphingomonadaceae","Sphingomonas"
"Staphylococcus",7.60514107536695e-05,0,0,0,0,0,0,0,1.39604361240245e-05,0,1.77304964539007e-05,0,0,1.28325227456466e-05,0,0,0,0,0,0,0,0,0,0,0,0,0,0,0.000306989773403174,0,0,0,0,7.96939751354798e-05,9.69133110432718e-05,0.000186811133943583,0,0,0.00016246953696182,0,0,0,0,0,4.22815102955478e-05,0.000199236260999502,0.000100160256410256,0.000228144768225656,1.46087769531935e-05,0,0,0.00167973124300112,6.87994496044032e-05,0,0.000431965442764579,3.52970244608379e-05,0,2.74842309225082e-05,4.18369780314028e-06,0,0.000140373041357407,2.16651862122755e-05,0,0,0.000446030330062444,6.88373373717905e-05,0.000281658404686796,0.000284596229099964,0,0.000187000774717495,0,0,"Bacteria","Firmicutes","Bacilli","Staphylococcales","Staphylococcaceae","Staphylococcus"
"Stenotrophomonas",7.60514107536695e-05,0.000121941925158143,0.00307297651177084,0.00155348424323125,0.422099720256706,0,0,0.00414976716238546,0.660551995644344,4.59805349068894e-05,1.77304964539007e-05,0.000150425704744427,0.000608037145541982,5.13300909825863e-05,0.000135266136122822,1.12780258943475e-05,0,0.00124244824426532,0.00842413698379269,0,0,0.00115023561277875,0,3.10795481033706e-05,0,5.99898017337053e-05,4.90966221523959e-05,0.0160581824209523,0.653379765536561,0.0313510823587957,0.0544188658057271,0,0,1.5938795027096e-05,0,0,0,0.00312647653132006,0,0,0,0,0,0,0,3.3206043499917e-05,0,2.07404334750596e-05,0,0,0,0,6.87994496044032e-05,0,0,0,0,4.12263463837623e-05,0,0,0,0.0141473665966159,0.00189483657034581,0.00315048983643347,0,2.29457791239302e-05,0,0,0,0,0,0,"Bacteria","Proteobacteria","Gammaproteobacteria","Xanthomonadales","Xanthomonadaceae","Stenotrophomonas"
"Stomatobaculum",0.00296600501939311,1.52427406447679e-05,0.00229805200010689,0.000599201065246338,0.000131643903241731,0.000105542610799445,0.00115661196506697,0.000262881177707676,0.000404852647596711,0.00217641198559277,0.00957446808510638,0.000300851409488853,0.000884417666242883,0.000243817932167285,0.00207408075388327,7.89461812604322e-05,0.0113221286541466,0.00231405985494417,0.00274700119036718,0.000438678949677258,2.06504904491482e-05,0.0175132648139216,0.0024596106048053,0.00219110814128763,0.00053254942058623,0.00347940850055491,0.00213570306362922,0.000476565413783101,0.000988123333141465,0.000165878742639131,0.00386299831555306,0.0127199239182121,0,6.37551801083838e-05,0,0.0011208668036615,7.41537206629343e-05,0.000703708544027022,0.00016246953696182,0,0,0,0.00284535495803101,0,0,9.9618130499751e-05,5.00801282051282e-05,0,0,0,0,0,0,0,0.00121735715688199,7.05940489216759e-05,0,0,0,0,0.000157919671527083,0.000519964469094612,0.00220456947126772,0.000561046135255276,0,0,0,0,0,0,0,0,"Bacteria","Firmicutes","Clostridia","Lachnospirales","Lachnospiraceae","Stomatobaculum"
"Streptobacillus",0.000278855172763455,0.000243883850316287,8.01646046548914e-05,6.6577896138482e-05,1.64554879052164e-05,0.00101483279614851,0,1.87772269791197e-05,8.37626167441471e-05,6.13073798758525e-05,0,9.0255422846656e-05,0.000718589353822343,1.28325227456466e-05,0.00078905246071646,0.00118419271890648,0.00034060345536333,9.31836183198994e-05,0.000549400238073437,6.26684213824654e-05,0,0.000111313123817298,0,3.10795481033706e-05,0.000127811860940695,5.99898017337053e-05,2.4548311076198e-05,0.000145041647673118,0,2.76464571065218e-05,2.24592925322852e-05,0.000713266761768902,0,0,0,0.000186811133943583,1.85384301657336e-05,0.000814291315231269,0,0,0,0,0.000533504054630815,0,0,0,0,0,0,0,0,0,0,0,0.00455527194188101,0.000441212805760474,2.23954134193317e-05,0,0,0,0.000105279781018055,0.000303312606971857,0.000801661625915534,0.000302101765137456,0,0,0,0,0,0,0,0,"Bacteria","Fusobacteriota","Fusobacteriia","Fusobacteriales","Leptotrichiaceae","Streptobacillus"
"Streptococcus",0.445711967957006,0.184269491654599,0.739251262592523,0.344363071460275,0.465821951620866,0.492007176897534,0.416279732470624,0.529536578038155,0.136547025729084,0.43459268909495,0.167482269503546,0.350582147477361,0.269498645735449,0.365662735637199,0.537186915255766,0.363084765642622,0.351549745721903,0.244684651105002,0.203735921618899,0.699191577364166,0.455632421270005,0.306853177989685,0.36239125932063,0.633649826731519,0.295096284935242,0.351240289150844,0.341982521602514,0.380195599022005,0.151163683109806,0.450111968151281,0.722403144300955,0.172135045173562,0.0138391599951724,0.431686324513867,0.0247128943160343,0.139547917055857,0.444013940899485,0.566123470690539,0.56251015434606,0.744602422327541,0.0150982034813367,0.0963005339435545,0.205932565087495,1.87853399207259e-05,4.22815102955478e-05,0.0428690021583928,0.00590945512820513,0.000134812817587888,5.84351078127739e-05,0.000795298899836522,0.000109082975783579,0.00279955207166853,0.0321293429652563,0.00472723463321373,0.123777734144905,0.0110479686562423,0.574957448714503,1.37421154612541e-05,0.00273195466545061,0.213329478097441,0.0164236458388167,0.570812661134822,0.30162518675072,0.433623926459799,5.57537912578055e-05,0.00979784768591817,0.0539657503379901,0.00199217360369975,0.0689794816414687,0.0629925466834077,0.00558257624422624,0,"Bacteria","Firmicutes","Bacilli","Lactobacillales","Streptococcaceae","Streptococcus"
"Streptomyces",2.53504702512232e-05,0,0,0,0,0,0,1.87772269791197e-05,0,1.53268449689631e-05,0,0,0,0,0,0,0,3.10612061066331e-05,0,0,0,0,0,0,0,0,0,2.07202353818739e-05,0,0,0,0,0,0,4.84566555216359e-05,0,0,0,4.06173842404549e-05,6.58241179568194e-05,0,0,0,0,4.22815102955478e-05,0,0.000100160256410256,2.07404334750596e-05,0,6.31189603044859e-06,0.000109082975783579,0.00111982082866741,0.000481596147230822,0,0,0.7085171720024,0,1.37421154612541e-05,8.36739560628057e-06,0,0.711182467407134,0,0,0,5.57537912578055e-05,4.58915582478603e-05,0,7.11490572749911e-05,0.000134989200863931,0,0,0.00909090909090909,"Bacteria","Actinobacteriota","Actinobacteria","Streptomycetales","Streptomycetaceae","Streptomyces"
"Tannerella",2.53504702512232e-05,0.000167670147092447,5.34430697699276e-05,6.6577896138482e-05,0,0.000365339806613462,8.38124612367367e-05,3.75544539582394e-05,0.000307129594728539,6.13073798758525e-05,0.00163120567375887,9.0255422846656e-05,0.000248742468630811,0.000577463523554096,0.000631241968573168,5.63901294717373e-05,0.000352348402099996,0.000465918091599497,9.15667063455728e-05,0.000564015792442188,0.000123902942694889,0.000259730622240362,5.17812758906379e-05,0.000404034125343818,0.000106509884117246,0.000479918413869642,2.4548311076198e-05,0.000414404707637479,0.00057560582513095,0.000193525199745653,0.000134755755193711,0.00265493739102869,0,0,0,0.000186811133943583,0,3.01589376011581e-05,0,0,0,0,7.11338739507754e-05,0,0,0,5.00801282051282e-05,0,0,0,0,0,0,0,0.0016100530139407,0.000405915781299636,0.000179163307354654,0,0,0,8.77331508483796e-05,0.00067162077258054,0.000182195824071712,0.000625782227784731,0,0,0,0,0,0,0,0,"Bacteria","Bacteroidota","Bacteroidia","Bacteroidales","Tannerellaceae","Tannerella"
"TM7a",2.53504702512232e-05,0,2.67215348849638e-05,4.43852640923214e-05,0,3.24746494767522e-05,0,0,1.39604361240245e-05,0,0,6.01702818977707e-05,0,1.28325227456466e-05,0,2.25560517886949e-05,0,0,0,6.26684213824654e-05,0,0,0,0,0,0.000119979603467411,0,0,8.63408737696426e-05,2.76464571065218e-05,0,3.96259312093834e-05,0,0,0,0,0,0,0,0,0,0,0,0,0,0.000265648347999336,0,0,0,0,0,0,0,0,0,5.29455366912569e-05,0,0,0,0,1.75466301696759e-05,0.000324977793184132,0,0.000107893487549092,0,0,0,0,0,0,0,0,"Bacteria","Patescibacteria","Saccharimonadia","Saccharimonadales","Saccharimonadaceae","TM7a"
"TM7x",0.00486729028823485,0.000137184665802911,0.0178232637682708,0.0235241899689303,0.000131643903241731,0.000487119742151283,0,0.0127121826648641,0.00615655233069481,0.00582420108820599,0.000975177304964539,0.00788230692860796,0.000856779614172793,0.00546665468964544,0.00205153639786279,0.000496233139351288,0.000293623668416664,0.000295081458013015,0.00659280285688124,0.00156671053456163,0.000743417656169334,0.00441542057808616,7.76719138359569e-05,0.0016938353716337,0.00372784594410361,0.0192267314556525,0.000785545954438335,0.000269363059964361,0.00378940501544542,0.0060822205634348,0.00143739472206625,0.00328895229037882,6.0345174397554e-05,0.00114759324195091,0,0.0076592564916869,0.000129769011160135,0.00628311200024127,0.0045085296506905,0.000131648235913639,0,0.0368993135011442,0.00227628396642481,0,0,0.00777021417898057,0,3.11106502125894e-05,0,2.52475841217943e-05,0,0,0,7.85689966739125e-05,0.00585116827017475,0.00112950478274681,0,0,4.18369780314028e-06,0.00286251264999277,0.0015265568247618,0.011720865740841,0.0178551907590278,0.00830779854128005,0,0.000550698698974324,0,0.00341515474919957,0.000674946004319654,0.00144257740496353,0,0,"Bacteria","Patescibacteria","Saccharimonadia","Saccharimonadales","Saccharimonadaceae","TM7x"
"Treponema",0,0.000624952366435485,0.000507709162814312,8.87705281846427e-05,0,0.000576425028212352,0.000318487352699599,0,0.000628219625581103,0,5.31914893617021e-05,0,0.000304018572770991,2.56650454912931e-05,0.000541064544491287,3.38340776830424e-05,0.00135066887471665,9.31836183198994e-05,0,6.26684213824654e-05,0.000371708828084667,0.00103892248896145,0,0,0.000127811860940695,0.000239959206934821,0,0.00406116613484729,8.63408737696426e-05,8.29393713195654e-05,0,3.96259312093834e-05,0,0,0,0,0,2.01059584007721e-05,0,0,0,0,3.55669369753877e-05,0,0,3.3206043499917e-05,0,0,0,0,0,0,0,0,0.000746122128411545,0.000370618756838798,2.23954134193317e-05,0,0,0,7.01865206787037e-05,0.000108325931061377,0.00111139452683744,0.000561046135255276,0,6.88373373717905e-05,0,0,0,0,0,0,"Bacteria","Spirochaetota","Spirochaetia","Spirochaetales","Spirochaetaceae","Treponema"
"Tropheryma",0,0,2.67215348849638e-05,0,0,0,0,0,0,0,0,0,0,0,0,0,0,0,0,0,0,0,0,0,0,0,0,0,0,0,0,0,0,0,0,0,0,0,0,0,0,0,0,0,0,0,0,0,0,0,0,0,0,0,3.92695857058708e-05,1.7648512230419e-05,0,0,0,0,1.75466301696759e-05,0,0,0,0,0,0,0,0,0,0,0,"Bacteria","Actinobacteriota","Actinobacteria","Micrococcales","Cellulomonadaceae","Tropheryma"
"uncultured Bacteroidetes bacterium",0,1.52427406447679e-05,0,0,0,0,0,0,0.000139604361240245,0,0,0,0,0.000102660181965173,0,0,7.04696804199993e-05,0,0,0,0,3.7104374605766e-05,0,0,0,0,0,0,0,0,0,0,0,0,0,0,0,0,0,0,0,0,0,0,0,0,0,0,0,0,0,0,0,0,0,0,0,0,0,0,0,0,0.000182195824071712,2.15786975098183e-05,0,0,0,0,0,0,0,0,"Bacteria","Bacteroidota","Bacteroidia","Bacteroidales","F082","uncultured Bacteroidetes bacterium"
"uncultured Candidatus Saccharibacteria bacterium",2.53504702512232e-05,7.62137032238396e-05,0.000320658418619566,2.21926320461607e-05,0,0.000129898597907009,0,0,0.002275551088216,1.53268449689631e-05,0,0,0,2.56650454912931e-05,0.000135266136122822,0,5.87247336833327e-05,3.10612061066331e-05,0,0.00294541580497587,2.06504904491482e-05,0.000333939371451894,0,0,2.13019768234492e-05,8.99847026005579e-05,0,0.000269363059964361,0.0034536349507857,0,8.98371701291409e-05,3.96259312093834e-05,0,0,0,0.000186811133943583,0,3.01589376011581e-05,0,0,0,0,0,0,0,0.000763739000498091,0,0,0,0,0,0,0,0,7.85391714117416e-05,5.29455366912569e-05,0,0,0,0,5.26398905090277e-05,0.000281647420759581,0.000564807054622308,6.47360925294549e-05,0,0,0,0,0,0,0,0,"Bacteria","Patescibacteria","Saccharimonadia","Saccharimonadales","Saccharimonadaceae","uncultured Candidatus Saccharibacteria bacterium"
"Veillonella",0.0581032778158035,0.00213398369026751,0.0271223579082382,0.0883266755437195,0.000691130492019088,0.0100833786625316,0.0925457196976046,0.0156602073005859,0.00344822772263405,0.0745344470840677,0.0878368794326241,0.112578597430729,0.0528715936100824,0.056386104944371,0.0464864621142097,0.0836829521360581,0.106291767966832,0.0819394617092982,0.0732533650764582,0.00426145265400765,0.028291171915333,0.0912396571555786,0.0270557166528583,0.055647930879085,0.216236366734833,0.0477218872791625,0.0817704241948154,0.0957689279350213,0.0132197471171742,0.0823587957203284,0.0243907916900618,0.0957758757330797,0.00368105563825079,0.001163532036978,0,0.0184943022604147,0.0329984056950057,0.057161239733395,0.035540211210398,0.000526592943654555,0.000726054174811505,0.00834286803966438,0.0421823872528098,0,4.22815102955478e-05,0.000863357130997842,0.00666065705128205,3.11106502125894e-05,0,0,0.000218165951567159,0.000559910414333707,0.000275197798417613,2.61896655579708e-05,0.0323188690359317,0.00397091525184427,0.004591059750963,0,0.000518778527589395,0.000346971230302154,0.00156165008510116,0.0130641072860021,0.127081587290019,0.0512278278883087,0,4.58915582478603e-05,0.00185894547093285,0.00213447171824973,0.00607451403887689,0.00277829722437422,0,0,"Bacteria","Firmicutes","Negativicutes","Veillonellales-Selenomonadales","Veillonellaceae","Veillonella"
"Vishniacozyma",0,0,0,0,0,0,0,0,0,0,1.77304964539007e-05,0,0,0,0,0,0,0,0,0,0,0,0,0,0,0,0,0,0,0,2.24592925322852e-05,3.96259312093834e-05,2.0115058132518e-05,1.5938795027096e-05,0,0,7.41537206629343e-05,0,0,0,0,0,0,0,4.22815102955478e-05,0,0,0,1.46087769531935e-05,0,0,0,0,0,0,0,0,0,0,0,0,0,0,0,0,0,0,0,0,0,0,0,"Eukaryota","Basidiomycota","Tremellomycetes","Tremellales","Bulleribasidiaceae","Vishniacozyma"
"W5053",0,0,0,0,4.93664637156492e-05,8.11866236918805e-06,0,0,0,0,0,0,0,0,0,0,9.39595738933324e-05,0,0,0,0,3.7104374605766e-05,0,0,0,0,0,0,2.87802912565475e-05,0,0,0,0,0,0,0,0,1.0052979200386e-05,0,0,0,0,0,0,0,0,0,0,0,0,0,0,0,0,0,0,0,0,0,0,7.01865206787037e-05,0,0,0,0,0,0,0,0,0,0,0,"Bacteria","Firmicutes","Clostridia","Peptostreptococcales-Tissierellales","Family XI","W5053"
"Weissella",0,0,0,0,1.64554879052164e-05,0,0,0,0,0,0,0,0,0,0,2.25560517886949e-05,0,0,0,0,0,0,0,0,0,0,0,0,0,0,0,0,0,0,0,0,0,0,0,0,0,0,0,0,0,0,0,0,0,0,0,0,0,0,0,0,0.000246349547612649,2.74842309225082e-05,0,0,0,0,0,0,0,0,0,0,0,0,0,0,"Bacteria","Firmicutes","Bacilli","Lactobacillales","Lactobacillaceae","Weissella"
"Wolinella",0,1.52427406447679e-05,0,0,0,2.43559871075642e-05,0,0,0,0,0,0,2.76380520700901e-05,0,0,0,0,0,0,0,0,0,0,0,0,0,0,0,0,0,0,0,0,0,0,0,0,0,0,0,0,0,0,0,0,0,0,0,0,0,0,0,0,0,0,0,0,0,0,0,0,0,0,0,0,0,0,0,0,0,0,0,"Bacteria","Campylobacterota","Campylobacteria","Campylobacterales","Helicobacteraceae","Wolinella"
